,15-Feb-20,0.0,0.0,0.1,0.0,0.0,0.0
,16-Feb-20,0.0,0.0,0.0,0.0,0.0,0.0
,17-Feb-20,0.0,0.0,0.1,0.0,0.0,0.0
,18-Feb-20,0.0,0.0,0.1,0.0,0.0,0.0
,19-Feb-20,0.0,0.0,0.0,0.0,0.0,0.0
,20-Feb-20,0.0,0.0,0.1,0.0,0.0,0.0
,21-Feb-20,0.0,0.0,0.1,0.0,0.0,0.0
,22-Feb-20,0.0,0.0,0.0,0.0,0.0,0.0
,23-Feb-20,0.0,0.0,0.0,0.0,0.0,0.0
,24-Feb-20,0.0,0.0,0.1,0.0,0.0,0.0
,25-Feb-20,0.0,0.0,0.0,0.0,0.0,0.0
,26-Feb-20,0.0,0.0,0.0,0.0,0.0,0.0
,27-Feb-20,0.0,0.1,0.0,0.0,0.0,0.0
,28-Feb-20,0.0,0.1,0.0,0.0,0.0,0.0
,29-Feb-20,0.0,0.1,0.0,0.0,0.1,0.0
,01-Mar-20,0.0,0.1,0.0,0.0,0.0,0.0
,02-Mar-20,0.0,0.1,0.0,0.0,0.0,0.0
,03-Mar-20,0.0,0.1,0.0,-0.1,0.0,0.0
,04-Mar-20,0.0,0.1,0.0,-0.1,0.0,0.0
,05-Mar-20,0.0,0.1,0.0,-0.1,0.0,0.0
,06-Mar-20,-0.1,0.1,-0.1,-0.1,0.0,0.0
,07-Mar-20,0.0,0.1,0.0,-0.1,0.0,0.0
,08-Mar-20,0.0,0.1,0.1,-0.1,0.0,0.0
,09-Mar-20,0.0,0.0,0.0,-0.1,0.0,0.0
,10-Mar-20,0.0,0.1,0.0,-0.1,0.0,0.0
,11-Mar-20,0.0,0.1,0.0,-0.1,0.0,0.0
,12-Mar-20,-0.1,0.1,-0.1,-0.2,0.0,0.1
,13-Mar-20,-0.2,0.0,-0.2,-0.2,0.0,0.1
,14-Mar-20,-0.1,0.0,-0.1,-0.2,0.0,0.0
,15-Mar-20,-0.1,0.1,-0.1,-0.2,0.0,0.1
,16-Mar-20,-0.1,0.1,-0.1,-0.2,-0.1,0.1
,17-Mar-20,-0.2,0.1,-0.2,-0.2,-0.1,0.1
,18-Mar-20,-0.2,0.0,-0.2,-0.3,-0.1,0.1
,19-Mar-20,-0.2,0.0,-0.3,-0.3,-0.1,0.1
,20-Mar-20,-0.4,-0.1,-0.5,-0.4,-0.1,0.1
,21-Mar-20,-0.3,-0.1,-0.4,-0.4,-0.1,0.1
,22-Mar-20,-0.3,-0.1,-0.4,-0.5,-0.2,0.1
,23-Mar-20,-0.3,0.1,-0.4,-0.5,-0.2,0.1
,24-Mar-20,-0.4,-0.1,-0.4,-0.5,-0.3,0.2
,25-Mar-20,-0.5,-0.2,-0.5,-0.6,-0.4,0.2
,26-Mar-20,-0.6,-0.1,-0.5,-0.7,-0.4,0.3
,27-Mar-20,-0.8,-0.6,-0.8,-0.8,-0.5,0.3
,28-Mar-20,-0.7,-0.5,-0.7,-0.8,-0.6,0.3
,29-Mar-20,-0.6,-0.3,-0.5,-0.7,-0.5,0.3
,30-Mar-20,-0.6,-0.3,-0.5,-0.7,-0.5,0.3
,31-Mar-20,-0.6,-0.3,-0.5,-0.7,-0.5,0.3
,01-Apr-20,-0.6,-0.2,-0.5,-0.7,-0.5,0.3
,02-Apr-20,-0.6,-0.3,-0.6,-0.7,-0.5,0.3
,03-Apr-20,-0.7,-0.4,-0.8,-0.8,-0.4,0.2
,04-Apr-20,-0.6,-0.3,-0.6,-0.7,-0.4,0.2
,05-Apr-20,-0.6,-0.3,-0.6,-0.8,-0.6,0.3
,06-Apr-20,-0.6,-0.3,-0.6,-0.8,-0.6,0.3
,07-Apr-20,-0.6,-0.3,-0.7,-0.8,-0.6,0.3
,08-Apr-20,-0.6,-0.3,-0.7,-0.8,-0.6,0.3
,09-Apr-20,-0.6,-0.3,-0.8,-0.8,-0.6,0.3
,10-Apr-20,-0.7,-0.5,-0.9,-0.8,-0.5,0.2
,11-Apr-20,-0.6,-0.3,-0.8,-0.8,-0.5,0.2
,12-Apr-20,-0.6,-0.3,-0.7,-0.8,-0.6,0.3
,13-Apr-20,-0.6,-0.3,-0.7,-0.8,-0.6,0.3
,14-Apr-20,-0.6,-0.3,-0.7,-0.8,-0.6,0.3
,15-Apr-20,-0.6,-0.3,-0.7,-0.8,-0.6,0.3
,16-Apr-20,-0.6,-0.3,-0.7,-0.8,-0.6,0.3
,17-Apr-20,-0.7,-0.5,-0.9,-0.8,-0.5,0.2
,18-Apr-20,-0.7,-0.4,-0.8,-0.8,-0.5,0.2
,19-Apr-20,-0.6,-0.4,-0.7,-0.8,-0.5,0.3
,20-Apr-20,-0.6,-0.4,-0.7,-0.8,-0.6,0.3
,21-Apr-20,-0.6,-0.4,-0.7,-0.8,-0.6,0.3
,22-Apr-20,-0.6,-0.3,-0.8,-0.8,-0.6,0.3
,23-Apr-20,-0.6,-0.3,-0.8,-0.8,-0.6,0.3
,24-Apr-20,-0.7,-0.4,-0.9,-0.8,-0.5,0.2
,25-Apr-20,-0.6,-0.3,-0.8,-0.7,-0.4,0.3
,26-Apr-20,-0.6,-0.3,-0.7,-0.7,-0.5,0.3
,27-Apr-20,-0.6,-0.3,-0.7,-0.7,-0.5,0.3
,28-Apr-20,-0.6,-0.3,-0.7,-0.7,-0.5,0.3
,29-Apr-20,-0.6,-0.2,-0.7,-0.7,-0.5,0.3
,30-Apr-20,-0.6,-0.3,-0.7,-0.7,-0.5,0.3
,01-May-20,-0.7,-0.4,-0.8,-0.7,-0.4,0.2
,02-May-20,-0.6,-0.3,-0.7,-0.7,-0.3,0.2
,03-May-20,-0.5,-0.2,-0.7,-0.7,-0.5,0.3
,04-May-20,-0.5,-0.2,-0.7,-0.7,-0.5,0.3
,05-May-20,-0.5,-0.2,-0.7,-0.6,-0.5,0.3
,06-May-20,-0.5,-0.2,-0.7,-0.6,-0.4,0.3
,07-May-20,-0.5,-0.2,-0.7,-0.6,-0.4,0.3
,08-May-20,-0.6,-0.4,-0.8,-0.7,-0.4,0.2
,09-May-20,-0.5,-0.3,-0.7,-0.6,-0.3,0.2
,10-May-20,-0.5,-0.2,-0.7,-0.6,-0.4,0.3
,11-May-20,-0.5,-0.2,-0.7,-0.6,-0.4,0.3
,12-May-20,-0.5,-0.2,-0.7,-0.6,-0.4,0.3
,13-May-20,-0.5,-0.2,-0.7,-0.6,-0.4,0.3
,14-May-20,-0.5,-0.2,-0.7,-0.6,-0.4,0.3
,15-May-20,-0.6,-0.3,-0.8,-0.7,-0.4,0.2
,16-May-20,-0.5,-0.2,-0.7,-0.6,-0.3,0.2
,17-May-20,-0.5,-0.2,-0.6,-0.6,-0.4,0.3
,18-May-20,-0.5,-0.2,-0.6,-0.6,-0.4,0.3
,19-May-20,-0.5,-0.2,-0.7,-0.6,-0.4,0.3
,20-May-20,-0.5,-0.2,-0.7,-0.6,-0.4,0.3
,21-May-20,-0.5,-0.2,-0.7,-0.6,-0.4,0.3
,22-May-20,-0.6,-0.3,-0.8,-0.7,-0.3,0.2
,23-May-20,-0.5,-0.2,-0.7,-0.7,-0.5,0.3
,24-May-20,-0.6,-0.3,-0.7,-0.7,-0.8,0.4
,25-May-20,-0.5,-0.2,-0.7,-0.7,-0.7,0.3
,26-May-20,-0.5,-0.2,-0.7,-0.7,-0.6,0.3
,27-May-20,-0.4,-0.2,-0.6,-0.6,-0.4,0.2
,28-May-20,-0.5,-0.2,-0.6,-0.6,-0.4,0.3
,29-May-20,-0.6,-0.3,-0.7,-0.6,-0.3,0.2
,30-May-20,-0.4,-0.2,-0.6,-0.6,-0.2,0.2
,31-May-20,-0.4,-0.1,-0.6,-0.5,-0.3,0.2
,01-Jun-20,-0.4,-0.1,-0.6,-0.5,-0.3,0.2
,02-Jun-20,-0.4,-0.1,-0.6,-0.5,-0.3,0.2
,03-Jun-20,-0.4,-0.1,-0.6,-0.5,-0.3,0.2
,04-Jun-20,-0.4,-0.1,-0.6,-0.5,-0.3,0.2
,05-Jun-20,-0.5,-0.2,-0.7,-0.6,-0.3,0.2
,06-Jun-20,-0.4,-0.2,-0.6,-0.5,-0.2,0.2
,07-Jun-20,-0.4,-0.1,-0.6,-0.5,-0.3,0.2
,08-Jun-20,-0.4,-0.1,-0.6,-0.5,-0.3,0.2
,09-Jun-20,-0.4,-0.1,-0.6,-0.5,-0.3,0.2
,10-Jun-20,-0.4,-0.1,-0.6,-0.5,-0.3,0.2
,11-Jun-20,-0.4,-0.1,-0.6,-0.5,-0.3,0.2
,12-Jun-20,-0.5,-0.2,-0.7,-0.6,-0.2,0.2
,13-Jun-20,-0.4,-0.2,-0.6,-0.5,-0.2,0.2
,14-Jun-20,-0.3,-0.1,-0.5,-0.5,-0.3,0.2
,15-Jun-20,-0.4,-0.1,-0.5,-0.5,-0.3,0.2
,16-Jun-20,-0.4,-0.1,-0.5,-0.5,-0.3,0.2
,17-Jun-20,-0.4,-0.1,-0.5,-0.5,-0.3,0.2
,18-Jun-20,-0.4,-0.1,-0.6,-0.5,-0.3,0.2
,19-Jun-20,-0.5,-0.2,-0.7,-0.6,-0.2,0.2
,20-Jun-20,-0.4,-0.2,-0.6,-0.5,-0.2,0.1
,21-Jun-20,-0.3,-0.1,-0.5,-0.5,-0.3,0.2
,22-Jun-20,-0.4,-0.1,-0.5,-0.5,-0.3,0.2
,23-Jun-20,-0.3,-0.1,-0.5,-0.5,-0.3,0.2
,24-Jun-20,-0.4,-0.1,-0.5,-0.5,-0.3,0.2
,25-Jun-20,-0.3,-0.1,-0.5,-0.5,-0.3,0.2
,26-Jun-20,-0.4,-0.2,-0.6,-0.5,-0.2,0.1
,27-Jun-20,-0.3,-0.1,-0.6,-0.5,-0.1,0.1
,28-Jun-20,-0.3,-0.1,-0.5,-0.5,-0.2,0.2
,29-Jun-20,-0.3,-0.1,-0.5,-0.5,-0.2,0.2
,30-Jun-20,-0.3,-0.1,-0.5,-0.5,-0.2,0.2
,01-Jul-20,-0.3,-0.1,-0.5,-0.5,-0.2,0.2
,02-Jul-20,-0.3,-0.1,-0.5,-0.5,-0.2,0.2
,03-Jul-20,-0.4,-0.1,-0.6,-0.5,-0.2,0.1
,04-Jul-20,-0.3,-0.1,-0.5,-0.5,-0.1,0.1
,05-Jul-20,-0.2,0.0,-0.5,-0.5,-0.2,0.1
,06-Jul-20,-0.3,-0.1,-0.5,-0.5,-0.2,0.2
,07-Jul-20,-0.3,-0.1,-0.5,-0.5,-0.2,0.2
,08-Jul-20,-0.3,-0.1,-0.5,-0.5,-0.2,0.2
,09-Jul-20,-0.3,-0.1,-0.5,-0.5,-0.2,0.2
,10-Jul-20,-0.4,-0.1,-0.6,-0.5,-0.2,0.1
,11-Jul-20,-0.3,-0.1,-0.5,-0.5,-0.1,0.1
,12-Jul-20,-0.2,0.0,-0.4,-0.5,-0.2,0.1
,13-Jul-20,-0.3,-0.1,-0.5,-0.5,-0.2,0.1
,14-Jul-20,-0.3,-0.1,-0.5,-0.5,-0.2,0.1
,15-Jul-20,-0.3,-0.1,-0.4,-0.5,-0.2,0.1
,16-Jul-20,-0.3,-0.1,-0.5,-0.5,-0.2,0.2
,17-Jul-20,-0.3,-0.1,-0.6,-0.5,-0.2,0.1
,18-Jul-20,-0.3,-0.1,-0.5,-0.5,-0.1,0.1
,19-Jul-20,-0.2,0.0,-0.4,-0.5,-0.2,0.1
,20-Jul-20,-0.3,-0.1,-0.4,-0.5,-0.2,0.1
,21-Jul-20,-0.3,-0.1,-0.4,-0.5,-0.2,0.1
AE-AZ,15-Feb-20,0.0,0.1,0.0,0.0,0.0,0.0
AE-AZ,16-Feb-20,0.0,0.1,0.0,0.0,0.0,0.0
AE-AZ,17-Feb-20,0.0,0.0,0.0,0.0,0.0,0.0
AE-AZ,18-Feb-20,0.0,0.0,0.0,0.0,0.0,0.0
AE-AZ,19-Feb-20,0.0,0.0,0.0,0.0,0.0,0.0
AE-AZ,20-Feb-20,0.0,0.0,0.0,0.0,0.0,0.0
AE-AZ,21-Feb-20,0.0,0.1,0.1,-0.1,0.0,0.0
AE-AZ,22-Feb-20,0.0,0.0,0.0,0.0,0.0,0.0
AE-AZ,23-Feb-20,0.0,0.0,0.0,0.0,0.0,0.0
AE-AZ,24-Feb-20,0.0,0.0,0.1,-0.1,0.0,0.0
AE-AZ,25-Feb-20,0.0,0.0,0.0,0.0,0.0,0.0
AE-AZ,26-Feb-20,0.0,0.0,-0.1,0.0,0.0,0.0
AE-AZ,27-Feb-20,0.0,0.1,0.0,0.0,0.0,0.0
AE-AZ,28-Feb-20,0.0,0.1,0.0,0.0,0.0,0.0
AE-AZ,29-Feb-20,0.0,0.1,0.0,0.0,0.0,0.0
AE-AZ,01-Mar-20,0.0,0.1,0.0,0.0,0.0,0.0
AE-AZ,02-Mar-20,0.0,0.1,0.0,0.0,0.0,0.0
AE-AZ,03-Mar-20,0.0,0.1,0.0,-0.1,0.0,0.0
AE-AZ,04-Mar-20,0.0,0.1,-0.1,-0.1,0.0,0.0
AE-AZ,05-Mar-20,0.0,0.1,-0.1,-0.1,0.0,0.0
AE-AZ,06-Mar-20,-0.1,0.1,-0.1,-0.2,0.0,0.0
AE-AZ,07-Mar-20,0.0,0.1,0.0,-0.1,0.0,0.0
AE-AZ,08-Mar-20,0.0,0.1,0.1,-0.1,0.0,0.0
AE-AZ,09-Mar-20,0.0,0.1,0.0,-0.1,0.0,0.0
AE-AZ,10-Mar-20,0.0,0.1,0.0,-0.2,0.0,0.0
AE-AZ,11-Mar-20,0.0,0.1,0.0,-0.1,0.0,0.0
AE-AZ,12-Mar-20,-0.1,0.1,-0.1,-0.2,-0.1,0.1
AE-AZ,13-Mar-20,-0.1,0.1,-0.2,-0.2,0.0,0.1
AE-AZ,14-Mar-20,-0.1,0.1,-0.1,-0.2,0.0,0.0
AE-AZ,15-Mar-20,-0.1,0.1,-0.1,-0.2,-0.1,0.1
AE-AZ,16-Mar-20,-0.1,0.1,-0.1,-0.2,-0.1,0.1
AE-AZ,17-Mar-20,-0.2,0.0,-0.1,-0.2,-0.1,0.1
AE-AZ,18-Mar-20,-0.2,0.0,-0.1,-0.2,-0.1,0.1
AE-AZ,19-Mar-20,-0.2,0.0,-0.2,-0.3,-0.1,0.1
AE-AZ,20-Mar-20,-0.3,-0.1,-0.4,-0.5,-0.1,0.1
AE-AZ,21-Mar-20,-0.3,-0.1,-0.3,-0.4,-0.1,0.1
AE-AZ,22-Mar-20,-0.3,-0.1,-0.3,-0.4,-0.1,0.1
AE-AZ,23-Mar-20,-0.2,0.2,-0.3,-0.5,-0.2,0.1
AE-AZ,24-Mar-20,-0.3,0.0,-0.4,-0.5,-0.2,0.1
AE-AZ,25-Mar-20,-0.5,-0.2,-0.4,-0.6,-0.3,0.2
AE-AZ,26-Mar-20,-0.5,-0.1,-0.5,-0.7,-0.3,0.2
AE-AZ,27-Mar-20,-0.8,-0.6,-0.7,-0.8,-0.5,0.2
AE-AZ,28-Mar-20,-0.7,-0.4,-0.6,-0.8,-0.5,0.2
AE-AZ,29-Mar-20,-0.5,-0.2,-0.5,-0.7,-0.4,0.2
AE-AZ,30-Mar-20,-0.5,-0.2,-0.5,-0.7,-0.4,0.2
AE-AZ,31-Mar-20,-0.5,-0.2,-0.5,-0.7,-0.4,0.2
AE-AZ,01-Apr-20,-0.5,-0.2,-0.5,-0.7,-0.4,0.2
AE-AZ,02-Apr-20,-0.5,-0.2,-0.5,-0.7,-0.4,0.3
AE-AZ,03-Apr-20,-0.6,-0.3,-0.7,-0.8,-0.4,0.2
AE-AZ,04-Apr-20,-0.5,-0.2,-0.5,-0.8,-0.3,0.2
AE-AZ,05-Apr-20,-0.5,-0.2,-0.5,-0.7,-0.4,0.2
AE-AZ,06-Apr-20,-0.5,-0.2,-0.5,-0.7,-0.4,0.2
AE-AZ,07-Apr-20,-0.5,-0.2,-0.7,-0.7,-0.4,0.2
AE-AZ,08-Apr-20,-0.5,-0.2,-0.7,-0.7,-0.4,0.2
AE-AZ,09-Apr-20,-0.6,-0.2,-0.7,-0.8,-0.5,0.3
AE-AZ,10-Apr-20,-0.7,-0.3,-0.8,-0.8,-0.4,0.2
AE-AZ,11-Apr-20,-0.5,-0.2,-0.7,-0.8,-0.3,0.2
AE-AZ,12-Apr-20,-0.5,-0.2,-0.7,-0.7,-0.5,0.2
AE-AZ,13-Apr-20,-0.5,-0.2,-0.7,-0.7,-0.5,0.2
AE-AZ,14-Apr-20,-0.5,-0.2,-0.7,-0.7,-0.5,0.3
AE-AZ,15-Apr-20,-0.5,-0.2,-0.7,-0.7,-0.5,0.3
AE-AZ,16-Apr-20,-0.5,-0.2,-0.7,-0.8,-0.5,0.3
AE-AZ,17-Apr-20,-0.6,-0.3,-0.8,-0.8,-0.4,0.2
AE-AZ,18-Apr-20,-0.5,-0.3,-0.7,-0.8,-0.3,0.2
AE-AZ,19-Apr-20,-0.5,-0.3,-0.6,-0.8,-0.5,0.2
AE-AZ,20-Apr-20,-0.5,-0.3,-0.6,-0.7,-0.5,0.2
AE-AZ,21-Apr-20,-0.5,-0.3,-0.6,-0.7,-0.5,0.2
AE-AZ,22-Apr-20,-0.5,-0.3,-0.7,-0.8,-0.5,0.2
AE-AZ,23-Apr-20,-0.5,-0.3,-0.7,-0.8,-0.5,0.3
AE-AZ,24-Apr-20,-0.7,-0.4,-0.8,-0.8,-0.4,0.2
AE-AZ,25-Apr-20,-0.6,-0.3,-0.7,-0.8,-0.4,0.2
AE-AZ,26-Apr-20,-0.6,-0.3,-0.7,-0.8,-0.5,0.3
AE-AZ,27-Apr-20,-0.6,-0.3,-0.7,-0.8,-0.5,0.3
AE-AZ,28-Apr-20,-0.6,-0.3,-0.7,-0.7,-0.5,0.3
AE-AZ,29-Apr-20,-0.5,-0.3,-0.6,-0.7,-0.5,0.3
AE-AZ,30-Apr-20,-0.6,-0.3,-0.6,-0.8,-0.5,0.3
AE-AZ,01-May-20,-0.6,-0.4,-0.8,-0.8,-0.4,0.2
AE-AZ,02-May-20,-0.5,-0.3,-0.6,-0.8,-0.3,0.2
AE-AZ,03-May-20,-0.5,-0.3,-0.6,-0.8,-0.5,0.3
AE-AZ,04-May-20,-0.5,-0.3,-0.6,-0.8,-0.5,0.3
AE-AZ,05-May-20,-0.5,-0.3,-0.6,-0.7,-0.5,0.3
AE-AZ,06-May-20,-0.5,-0.2,-0.6,-0.7,-0.5,0.3
AE-AZ,07-May-20,-0.5,-0.3,-0.6,-0.8,-0.5,0.3
AE-AZ,08-May-20,-0.6,-0.4,-0.7,-0.8,-0.4,0.2
AE-AZ,09-May-20,-0.5,-0.3,-0.6,-0.8,-0.3,0.2
AE-AZ,10-May-20,-0.5,-0.2,-0.5,-0.7,-0.4,0.3
AE-AZ,11-May-20,-0.5,-0.3,-0.5,-0.7,-0.4,0.3
AE-AZ,12-May-20,-0.5,-0.3,-0.6,-0.7,-0.4,0.3
AE-AZ,13-May-20,-0.5,-0.3,-0.6,-0.7,-0.4,0.3
AE-AZ,14-May-20,-0.5,-0.3,-0.6,-0.7,-0.4,0.3
AE-AZ,15-May-20,-0.6,-0.3,-0.7,-0.8,-0.3,0.2
AE-AZ,16-May-20,-0.5,-0.2,-0.6,-0.7,-0.3,0.2
AE-AZ,17-May-20,-0.5,-0.2,-0.5,-0.7,-0.4,0.3
AE-AZ,18-May-20,-0.5,-0.2,-0.5,-0.7,-0.4,0.3
AE-AZ,19-May-20,-0.5,-0.2,-0.5,-0.7,-0.4,0.3
AE-AZ,20-May-20,-0.5,-0.3,-0.6,-0.7,-0.5,0.3
AE-AZ,21-May-20,-0.5,-0.2,-0.6,-0.7,-0.4,0.3
AE-AZ,22-May-20,-0.6,-0.3,-0.7,-0.8,-0.3,0.2
AE-AZ,23-May-20,-0.5,-0.2,-0.6,-0.8,-0.5,0.3
AE-AZ,24-May-20,-0.6,-0.4,-0.6,-0.8,-0.7,0.3
AE-AZ,25-May-20,-0.5,-0.3,-0.6,-0.8,-0.7,0.3
AE-AZ,26-May-20,-0.5,-0.3,-0.6,-0.8,-0.6,0.3
AE-AZ,27-May-20,-0.5,-0.2,-0.5,-0.7,-0.4,0.2
AE-AZ,28-May-20,-0.5,-0.3,-0.6,-0.7,-0.4,0.3
AE-AZ,29-May-20,-0.6,-0.3,-0.7,-0.8,-0.3,0.2
AE-AZ,30-May-20,-0.4,-0.2,-0.5,-0.7,-0.2,0.2
AE-AZ,31-May-20,-0.4,-0.1,-0.5,-0.7,-0.3,0.2
AE-AZ,01-Jun-20,-0.4,-0.1,-0.4,-0.7,-0.3,0.2
AE-AZ,02-Jun-20,-0.4,-0.2,-0.5,-0.7,-0.4,0.2
AE-AZ,03-Jun-20,-0.4,-0.2,-0.5,-0.7,-0.4,0.2
AE-AZ,04-Jun-20,-0.4,-0.2,-0.5,-0.7,-0.3,0.2
AE-AZ,05-Jun-20,-0.5,-0.3,-0.7,-0.8,-0.3,0.2
AE-AZ,06-Jun-20,-0.4,-0.2,-0.5,-0.7,-0.2,0.2
AE-AZ,07-Jun-20,-0.4,-0.2,-0.5,-0.7,-0.3,0.2
AE-AZ,08-Jun-20,-0.4,-0.2,-0.4,-0.7,-0.3,0.2
AE-AZ,09-Jun-20,-0.4,-0.2,-0.5,-0.7,-0.3,0.2
AE-AZ,10-Jun-20,-0.4,-0.2,-0.5,-0.7,-0.3,0.2
AE-AZ,11-Jun-20,-0.4,-0.2,-0.5,-0.7,-0.3,0.2
AE-AZ,12-Jun-20,-0.5,-0.3,-0.6,-0.8,-0.2,0.2
AE-AZ,13-Jun-20,-0.4,-0.2,-0.5,-0.7,-0.2,0.2
AE-AZ,14-Jun-20,-0.4,-0.2,-0.4,-0.7,-0.3,0.2
AE-AZ,15-Jun-20,-0.4,-0.2,-0.4,-0.7,-0.3,0.2
AE-AZ,16-Jun-20,-0.4,-0.2,-0.4,-0.7,-0.3,0.2
AE-AZ,17-Jun-20,-0.4,-0.2,-0.5,-0.6,-0.3,0.2
AE-AZ,18-Jun-20,-0.4,-0.2,-0.5,-0.7,-0.3,0.2
AE-AZ,19-Jun-20,-0.5,-0.3,-0.6,-0.7,-0.2,0.2
AE-AZ,20-Jun-20,-0.4,-0.2,-0.5,-0.7,-0.1,0.2
AE-AZ,21-Jun-20,-0.4,-0.2,-0.4,-0.7,-0.3,0.2
AE-AZ,22-Jun-20,-0.4,-0.2,-0.4,-0.7,-0.3,0.2
AE-AZ,23-Jun-20,-0.4,-0.2,-0.4,-0.6,-0.3,0.2
AE-AZ,24-Jun-20,-0.4,-0.2,-0.4,-0.6,-0.3,0.2
AE-AZ,25-Jun-20,-0.4,-0.2,-0.5,-0.7,-0.3,0.2
AE-AZ,26-Jun-20,-0.4,-0.2,-0.6,-0.7,-0.2,0.2
AE-AZ,27-Jun-20,-0.3,-0.2,-0.5,-0.6,-0.1,0.1
AE-AZ,28-Jun-20,-0.3,-0.1,-0.4,-0.7,-0.3,0.2
AE-AZ,29-Jun-20,-0.3,-0.1,-0.4,-0.6,-0.3,0.2
AE-AZ,30-Jun-20,-0.3,-0.1,-0.4,-0.6,-0.3,0.2
AE-AZ,01-Jul-20,-0.3,-0.1,-0.4,-0.6,-0.3,0.2
AE-AZ,02-Jul-20,-0.3,-0.1,-0.4,-0.6,-0.3,0.2
AE-AZ,03-Jul-20,-0.4,-0.2,-0.6,-0.7,-0.1,0.1
AE-AZ,04-Jul-20,-0.3,-0.1,-0.4,-0.6,-0.1,0.1
AE-AZ,05-Jul-20,-0.3,-0.1,-0.4,-0.6,-0.3,0.2
AE-AZ,06-Jul-20,-0.3,-0.1,-0.3,-0.6,-0.3,0.2
AE-AZ,07-Jul-20,-0.3,-0.1,-0.4,-0.6,-0.3,0.2
AE-AZ,08-Jul-20,-0.3,-0.1,-0.4,-0.6,-0.3,0.2
AE-AZ,09-Jul-20,-0.3,-0.1,-0.4,-0.6,-0.3,0.2
AE-AZ,10-Jul-20,-0.4,-0.2,-0.6,-0.7,-0.1,0.1
AE-AZ,11-Jul-20,-0.3,-0.1,-0.4,-0.6,-0.1,0.1
AE-AZ,12-Jul-20,-0.3,-0.1,-0.3,-0.6,-0.2,0.1
AE-AZ,13-Jul-20,-0.3,-0.1,-0.3,-0.6,-0.2,0.1
AE-AZ,14-Jul-20,-0.3,-0.1,-0.3,-0.6,-0.3,0.1
AE-AZ,15-Jul-20,-0.3,-0.1,-0.4,-0.6,-0.2,0.1
AE-AZ,16-Jul-20,-0.3,-0.1,-0.4,-0.6,-0.2,0.2
AE-AZ,17-Jul-20,-0.3,-0.2,-0.6,-0.7,-0.1,0.1
AE-AZ,18-Jul-20,-0.3,-0.1,-0.4,-0.6,-0.1,0.1
AE-AZ,19-Jul-20,-0.3,-0.1,-0.3,-0.6,-0.2,0.1
AE-AZ,20-Jul-20,-0.3,-0.1,-0.3,-0.6,-0.2,0.1
AE-AZ,21-Jul-20,-0.3,-0.1,-0.4,-0.6,-0.3,0.1
AE-AJ,15-Feb-20,0.0,0.0,0.0,0.2,0.0,0.0
AE-AJ,16-Feb-20,0.0,0.0,0.0,0.2,0.0,0.0
AE-AJ,17-Feb-20,0.0,0.0,0.0,0.2,0.0,0.0
AE-AJ,18-Feb-20,0.0,0.0,0.1,0.2,0.0,0.0
AE-AJ,19-Feb-20,0.0,0.0,0.1,0.1,0.0,0.0
AE-AJ,20-Feb-20,0.0,0.0,0.1,0.1,0.0,0.0
AE-AJ,21-Feb-20,0.0,0.0,0.1,0.3,0.0,0.0
AE-AJ,22-Feb-20,0.0,0.0,0.0,0.2,0.0,0.0
AE-AJ,23-Feb-20,0.0,0.0,0.0,0.3,0.0,0.0
AE-AJ,24-Feb-20,0.0,0.0,0.0,0.1,0.0,0.0
AE-AJ,25-Feb-20,0.0,0.0,0.1,0.1,0.0,0.0
AE-AJ,26-Feb-20,0.0,0.0,-0.1,0.1,0.0,0.0
AE-AJ,27-Feb-20,0.0,0.0,-0.1,0.0,0.0,0.0
AE-AJ,28-Feb-20,0.0,0.0,0.1,0.2,0.0,0.0
AE-AJ,29-Feb-20,0.0,0.1,-0.1,0.2,0.0,0.0
AE-AJ,01-Mar-20,0.0,0.1,0.0,0.2,0.0,0.0
AE-AJ,02-Mar-20,0.0,0.1,0.0,0.2,0.0,0.0
AE-AJ,03-Mar-20,0.0,0.1,0.0,0.2,0.0,0.0
AE-AJ,04-Mar-20,0.0,0.0,0.0,0.2,0.0,0.0
AE-AJ,05-Mar-20,0.0,0.1,-0.1,0.1,0.0,0.0
AE-AJ,06-Mar-20,0.0,0.1,0.0,0.3,0.0,0.0
AE-AJ,07-Mar-20,0.0,0.1,0.0,0.2,0.0,0.0
AE-AJ,08-Mar-20,0.0,0.0,0.2,0.2,0.0,0.0
AE-AJ,09-Mar-20,0.0,0.1,0.2,0.2,0.0,0.0
AE-AJ,10-Mar-20,0.0,0.1,0.2,0.2,0.0,0.0
AE-AJ,11-Mar-20,0.0,0.0,0.2,0.1,0.0,0.0
AE-AJ,12-Mar-20,0.0,0.1,0.1,0.1,0.0,0.1
AE-AJ,13-Mar-20,-0.1,0.1,0.0,0.1,0.0,0.1
AE-AJ,14-Mar-20,-0.1,0.0,0.0,0.1,0.0,0.0
AE-AJ,15-Mar-20,0.0,0.1,0.0,0.1,0.0,0.1
AE-AJ,16-Mar-20,0.0,0.1,0.0,0.0,0.0,0.1
AE-AJ,17-Mar-20,-0.1,0.1,0.0,0.0,-0.1,0.1
AE-AJ,18-Mar-20,-0.1,0.0,-0.1,-0.1,-0.1,0.1
AE-AJ,19-Mar-20,-0.2,0.0,-0.2,-0.2,-0.1,0.1
AE-AJ,20-Mar-20,-0.3,-0.1,-0.4,-0.2,-0.1,0.1
AE-AJ,21-Mar-20,-0.2,-0.1,-0.3,-0.2,-0.1,0.1
AE-AJ,22-Mar-20,-0.3,-0.1,-0.4,-0.2,-0.1,0.1
AE-AJ,23-Mar-20,-0.2,0.1,-0.5,-0.2,-0.2,0.1
AE-AJ,24-Mar-20,-0.3,-0.1,-0.5,-0.2,-0.2,0.1
AE-AJ,25-Mar-20,-0.4,-0.2,-0.5,-0.3,-0.3,0.2
AE-AJ,26-Mar-20,-0.5,-0.2,-0.7,-0.5,-0.3,0.2
AE-AJ,27-Mar-20,-0.7,-0.6,-0.8,-0.7,-0.5,0.2
AE-AJ,28-Mar-20,-0.6,-0.5,-0.7,-0.6,-0.5,0.3
AE-AJ,29-Mar-20,-0.5,-0.3,-0.6,-0.4,-0.4,0.2
AE-AJ,30-Mar-20,-0.5,-0.3,-0.6,-0.5,-0.4,0.2
AE-AJ,31-Mar-20,-0.5,-0.3,-0.5,-0.4,-0.4,0.2
AE-AJ,01-Apr-20,-0.5,-0.2,-0.6,-0.5,-0.4,0.2
AE-AJ,02-Apr-20,-0.5,-0.3,-0.7,-0.5,-0.4,0.2
AE-AJ,03-Apr-20,-0.6,-0.4,-0.8,-0.5,-0.4,0.2
AE-AJ,04-Apr-20,-0.5,-0.3,-0.6,-0.5,-0.3,0.2
AE-AJ,05-Apr-20,-0.5,-0.2,-0.6,-0.5,-0.5,0.3
AE-AJ,06-Apr-20,-0.5,-0.3,-0.6,-0.5,-0.5,0.3
AE-AJ,07-Apr-20,-0.5,-0.3,-0.7,-0.4,-0.5,0.3
AE-AJ,08-Apr-20,-0.5,-0.3,-0.8,-0.5,-0.5,0.3
AE-AJ,09-Apr-20,-0.5,-0.3,-0.8,-0.5,-0.5,0.3
AE-AJ,10-Apr-20,-0.6,-0.4,-0.9,-0.6,-0.4,0.2
AE-AJ,11-Apr-20,-0.5,-0.3,-0.8,-0.5,-0.4,0.2
AE-AJ,12-Apr-20,-0.5,-0.3,-0.8,-0.4,-0.5,0.3
AE-AJ,13-Apr-20,-0.5,-0.3,-0.8,-0.4,-0.5,0.3
AE-AJ,14-Apr-20,-0.5,-0.3,-0.8,-0.5,-0.5,0.3
AE-AJ,15-Apr-20,-0.5,-0.3,-0.8,-0.5,-0.5,0.3
AE-AJ,16-Apr-20,-0.5,-0.3,-0.8,-0.5,-0.5,0.3
AE-AJ,17-Apr-20,-0.6,-0.4,-0.9,-0.5,-0.4,0.2
AE-AJ,18-Apr-20,-0.5,-0.3,-0.9,-0.2,-0.4,0.2
AE-AJ,19-Apr-20,-0.5,-0.2,-0.8,-0.3,-0.5,0.3
AE-AJ,20-Apr-20,-0.5,-0.2,-0.8,-0.3,-0.4,0.3
AE-AJ,21-Apr-20,-0.5,-0.2,-0.8,-0.2,-0.5,0.3
AE-AJ,22-Apr-20,-0.4,-0.2,-0.8,-0.2,-0.5,0.3
AE-AJ,23-Apr-20,-0.4,-0.1,-0.9,-0.2,-0.5,0.3
AE-AJ,24-Apr-20,-0.6,-0.3,-0.9,0.0,-0.4,0.2
AE-AJ,25-Apr-20,-0.5,-0.3,-0.8,-0.2,-0.4,0.2
AE-AJ,26-Apr-20,-0.5,-0.2,-0.8,-0.2,-0.4,0.3
AE-AJ,27-Apr-20,-0.5,-0.2,-0.8,-0.3,-0.4,0.3
AE-AJ,28-Apr-20,-0.4,-0.2,-0.8,-0.2,-0.4,0.3
AE-AJ,29-Apr-20,-0.4,-0.2,-0.8,-0.2,-0.4,0.3
AE-AJ,30-Apr-20,-0.5,-0.2,-0.7,-0.2,-0.4,0.3
AE-AJ,01-May-20,-0.5,-0.3,-0.9,0.0,-0.4,0.2
AE-AJ,02-May-20,-0.4,-0.2,-0.7,-0.1,-0.3,0.2
AE-AJ,03-May-20,-0.4,-0.2,-0.6,-0.2,-0.4,0.3
AE-AJ,04-May-20,-0.4,-0.2,-0.7,-0.2,-0.4,0.3
AE-AJ,05-May-20,-0.4,-0.2,-0.6,-0.2,-0.4,0.2
AE-AJ,06-May-20,-0.4,-0.1,-0.6,-0.2,-0.4,0.3
AE-AJ,07-May-20,-0.4,-0.2,-0.7,-0.2,-0.4,0.3
AE-AJ,08-May-20,-0.5,-0.3,-0.8,-0.2,-0.3,0.2
AE-AJ,09-May-20,-0.4,-0.2,-0.7,-0.1,-0.3,0.2
AE-AJ,10-May-20,-0.4,-0.1,-0.6,-0.1,-0.4,0.3
AE-AJ,11-May-20,-0.4,-0.2,-0.6,-0.2,-0.4,0.3
AE-AJ,12-May-20,-0.4,-0.1,-0.6,-0.1,-0.4,0.3
AE-AJ,13-May-20,-0.4,-0.1,-0.6,-0.2,-0.4,0.3
AE-AJ,14-May-20,-0.4,-0.2,-0.7,-0.2,-0.4,0.3
AE-AJ,15-May-20,-0.5,-0.3,-0.8,-0.2,-0.3,0.2
AE-AJ,16-May-20,-0.4,-0.2,-0.7,-0.2,-0.3,0.2
AE-AJ,17-May-20,-0.4,-0.1,-0.6,-0.1,-0.4,0.2
AE-AJ,18-May-20,-0.4,-0.1,-0.6,-0.2,-0.4,0.3
AE-AJ,19-May-20,-0.4,-0.1,-0.6,-0.1,-0.4,0.2
AE-AJ,20-May-20,-0.4,-0.2,-0.7,-0.2,-0.4,0.3
AE-AJ,21-May-20,-0.4,-0.2,-0.7,-0.3,-0.4,0.3
AE-AJ,22-May-20,-0.5,-0.2,-0.8,-0.2,-0.2,0.2
AE-AJ,23-May-20,-0.4,0.0,-0.7,-0.1,-0.4,0.3
AE-AJ,24-May-20,-0.4,-0.3,-0.5,-0.2,-0.8,0.3
AE-AJ,25-May-20,-0.4,-0.2,-0.5,-0.2,-0.7,0.3
AE-AJ,26-May-20,-0.4,-0.2,-0.5,-0.2,-0.6,0.3
AE-AJ,27-May-20,-0.4,-0.2,-0.6,-0.2,-0.3,0.2
AE-AJ,28-May-20,-0.4,-0.2,-0.7,-0.3,-0.3,0.2
AE-AJ,29-May-20,-0.5,-0.3,-0.7,-0.2,-0.2,0.2
AE-AJ,30-May-20,-0.3,-0.1,-0.5,-0.1,-0.2,0.2
AE-AJ,31-May-20,-0.3,-0.1,-0.4,-0.1,-0.3,0.2
AE-AJ,01-Jun-20,-0.3,-0.1,-0.4,-0.2,-0.2,0.2
AE-AJ,02-Jun-20,-0.3,-0.1,-0.3,-0.1,-0.3,0.2
AE-AJ,03-Jun-20,-0.3,-0.1,-0.4,-0.1,-0.3,0.2
AE-AJ,04-Jun-20,-0.3,-0.1,-0.4,-0.2,-0.2,0.2
AE-AJ,05-Jun-20,-0.4,-0.2,-0.6,0.0,-0.2,0.2
AE-AJ,06-Jun-20,-0.3,-0.1,-0.4,-0.1,-0.1,0.2
AE-AJ,07-Jun-20,-0.2,-0.1,-0.4,-0.1,-0.3,0.2
AE-AJ,08-Jun-20,-0.3,-0.1,-0.4,-0.2,-0.2,0.2
AE-AJ,09-Jun-20,-0.3,-0.1,-0.4,-0.2,-0.2,0.2
AE-AJ,10-Jun-20,-0.3,-0.1,-0.4,-0.2,-0.2,0.2
AE-AJ,11-Jun-20,-0.3,-0.1,-0.5,-0.2,-0.2,0.2
AE-AJ,12-Jun-20,-0.4,-0.2,-0.7,-0.1,-0.2,0.2
AE-AJ,13-Jun-20,-0.3,-0.1,-0.5,-0.1,-0.1,0.1
AE-AJ,14-Jun-20,-0.2,-0.1,-0.4,-0.1,-0.2,0.2
AE-AJ,15-Jun-20,-0.2,-0.1,-0.4,-0.2,-0.2,0.2
AE-AJ,16-Jun-20,-0.2,-0.1,-0.3,-0.1,-0.2,0.2
AE-AJ,17-Jun-20,-0.2,-0.1,-0.4,-0.2,-0.2,0.2
AE-AJ,18-Jun-20,-0.3,-0.1,-0.5,-0.2,-0.2,0.2
AE-AJ,19-Jun-20,-0.4,-0.2,-0.7,0.0,-0.2,0.2
AE-AJ,20-Jun-20,-0.3,-0.1,-0.5,-0.1,-0.1,0.1
AE-AJ,21-Jun-20,-0.2,-0.1,-0.4,-0.1,-0.2,0.2
AE-AJ,22-Jun-20,-0.2,-0.1,-0.3,-0.2,-0.2,0.2
AE-AJ,23-Jun-20,-0.2,-0.1,-0.3,-0.1,-0.2,0.2
AE-AJ,24-Jun-20,-0.2,-0.1,-0.3,-0.2,-0.2,0.2
AE-AJ,25-Jun-20,-0.2,-0.1,-0.4,-0.1,-0.2,0.2
AE-AJ,26-Jun-20,-0.3,-0.1,-0.6,0.0,-0.1,0.1
AE-AJ,27-Jun-20,-0.2,-0.1,-0.4,-0.1,-0.1,0.1
AE-AJ,28-Jun-20,-0.2,0.0,-0.3,-0.1,-0.2,0.1
AE-AJ,29-Jun-20,-0.1,0.0,-0.3,-0.2,-0.2,0.1
AE-AJ,30-Jun-20,-0.1,0.0,-0.3,-0.5,-0.2,0.1
AE-AJ,01-Jul-20,-0.1,0.0,-0.2,-0.5,-0.2,0.1
AE-AJ,02-Jul-20,-0.1,0.0,-0.4,-0.6,-0.2,0.1
AE-AJ,03-Jul-20,-0.2,-0.1,-0.5,-0.6,-0.1,0.1
AE-AJ,04-Jul-20,-0.1,0.0,-0.4,-0.6,-0.1,0.1
AE-AJ,05-Jul-20,-0.1,0.0,-0.3,-0.5,-0.2,0.1
AE-AJ,06-Jul-20,-0.1,0.0,-0.2,-0.5,-0.2,0.1
AE-AJ,07-Jul-20,-0.1,0.0,-0.2,-0.5,-0.2,0.1
AE-AJ,08-Jul-20,-0.1,0.0,-0.2,-0.5,-0.2,0.1
AE-AJ,09-Jul-20,-0.1,0.0,-0.4,-0.6,-0.2,0.1
AE-AJ,10-Jul-20,-0.2,-0.1,-0.5,-0.6,-0.1,0.1
AE-AJ,11-Jul-20,-0.1,0.0,-0.3,-0.5,-0.1,0.1
AE-AJ,12-Jul-20,-0.1,0.0,-0.2,-0.4,-0.2,0.1
AE-AJ,13-Jul-20,-0.1,0.0,-0.3,-0.5,-0.2,0.1
AE-AJ,14-Jul-20,-0.1,0.0,-0.2,-0.5,-0.2,0.1
AE-AJ,15-Jul-20,-0.1,0.0,-0.3,-0.5,-0.2,0.1
AE-AJ,16-Jul-20,-0.1,0.0,-0.4,-0.6,-0.2,0.1
AE-AJ,17-Jul-20,-0.2,-0.1,-0.5,-0.6,-0.1,0.1
AE-AJ,18-Jul-20,-0.2,-0.1,-0.4,-0.5,-0.1,0.1
AE-AJ,19-Jul-20,-0.1,0.0,-0.3,-0.5,-0.2,0.1
AE-AJ,20-Jul-20,-0.1,0.0,-0.3,-0.5,-0.2,0.1
AE-AJ,21-Jul-20,-0.1,0.0,-0.2,-0.5,-0.2,0.1
AE-DU,15-Feb-20,0.0,0.0,0.1,0.0,0.0,0.0
AE-DU,16-Feb-20,0.0,0.0,0.1,0.0,0.0,0.0
AE-DU,17-Feb-20,0.0,0.0,0.1,0.0,0.0,0.0
AE-DU,18-Feb-20,0.0,0.0,0.1,0.0,0.0,0.0
AE-DU,19-Feb-20,0.0,0.0,0.1,0.0,0.0,0.0
AE-DU,20-Feb-20,0.0,0.0,0.1,0.0,0.0,0.0
AE-DU,21-Feb-20,0.0,0.0,0.1,0.0,0.0,0.0
AE-DU,22-Feb-20,0.0,0.0,0.0,0.0,0.0,0.0
AE-DU,23-Feb-20,0.0,0.0,0.0,0.0,0.0,0.0
AE-DU,24-Feb-20,0.0,0.0,0.1,0.0,0.0,0.0
AE-DU,25-Feb-20,0.0,0.0,0.0,0.0,0.0,0.0
AE-DU,26-Feb-20,0.0,0.0,0.0,0.0,0.0,0.0
AE-DU,27-Feb-20,0.0,0.1,0.0,0.0,0.0,0.0
AE-DU,28-Feb-20,0.0,0.1,0.0,0.0,0.0,0.0
AE-DU,29-Feb-20,0.0,0.1,0.0,0.0,0.1,0.0
AE-DU,01-Mar-20,0.0,0.1,0.0,0.0,0.1,0.0
AE-DU,02-Mar-20,0.0,0.1,0.0,0.0,0.1,0.0
AE-DU,03-Mar-20,0.0,0.1,0.0,-0.1,0.0,0.0
AE-DU,04-Mar-20,0.0,0.1,0.0,-0.1,0.0,0.0
AE-DU,05-Mar-20,0.0,0.1,0.0,-0.1,0.0,0.0
AE-DU,06-Mar-20,-0.1,0.1,-0.1,-0.1,0.0,0.0
AE-DU,07-Mar-20,-0.1,0.1,0.0,-0.1,0.0,0.0
AE-DU,08-Mar-20,0.0,0.1,0.0,-0.1,0.0,0.0
AE-DU,09-Mar-20,0.0,0.1,0.0,-0.1,0.0,0.0
AE-DU,10-Mar-20,-0.1,0.1,0.0,-0.1,0.0,0.0
AE-DU,11-Mar-20,-0.1,0.1,0.0,-0.1,0.0,0.0
AE-DU,12-Mar-20,-0.1,0.1,-0.1,-0.2,0.0,0.1
AE-DU,13-Mar-20,-0.2,0.0,-0.2,-0.2,0.0,0.1
AE-DU,14-Mar-20,-0.2,0.0,-0.2,-0.2,0.0,0.0
AE-DU,15-Mar-20,-0.1,0.1,-0.2,-0.2,0.0,0.1
AE-DU,16-Mar-20,-0.1,0.1,-0.2,-0.2,-0.1,0.1
AE-DU,17-Mar-20,-0.2,0.1,-0.2,-0.2,-0.1,0.1
AE-DU,18-Mar-20,-0.2,0.0,-0.3,-0.3,-0.1,0.1
AE-DU,19-Mar-20,-0.3,0.0,-0.3,-0.3,-0.1,0.1
AE-DU,20-Mar-20,-0.5,-0.1,-0.5,-0.5,-0.2,0.1
AE-DU,21-Mar-20,-0.4,-0.2,-0.5,-0.4,-0.1,0.1
AE-DU,22-Mar-20,-0.4,-0.1,-0.4,-0.5,-0.2,0.2
AE-DU,23-Mar-20,-0.3,0.2,-0.4,-0.5,-0.2,0.2
AE-DU,24-Mar-20,-0.5,-0.1,-0.5,-0.5,-0.3,0.2
AE-DU,25-Mar-20,-0.6,-0.2,-0.5,-0.6,-0.4,0.3
AE-DU,26-Mar-20,-0.6,-0.1,-0.6,-0.7,-0.5,0.3
AE-DU,27-Mar-20,-0.9,-0.6,-0.8,-0.9,-0.6,0.3
AE-DU,28-Mar-20,-0.8,-0.5,-0.7,-0.8,-0.6,0.3
AE-DU,29-Mar-20,-0.6,-0.3,-0.6,-0.7,-0.5,0.3
AE-DU,30-Mar-20,-0.7,-0.3,-0.6,-0.7,-0.5,0.3
AE-DU,31-Mar-20,-0.7,-0.3,-0.6,-0.7,-0.5,0.3
AE-DU,01-Apr-20,-0.7,-0.3,-0.6,-0.7,-0.5,0.3
AE-DU,02-Apr-20,-0.7,-0.3,-0.6,-0.7,-0.5,0.3
AE-DU,03-Apr-20,-0.8,-0.4,-0.8,-0.8,-0.5,0.2
AE-DU,04-Apr-20,-0.7,-0.3,-0.6,-0.7,-0.5,0.2
AE-DU,05-Apr-20,-0.8,-0.5,-0.7,-0.8,-0.7,0.4
AE-DU,06-Apr-20,-0.8,-0.4,-0.7,-0.8,-0.7,0.4
AE-DU,07-Apr-20,-0.8,-0.4,-0.8,-0.8,-0.7,0.4
AE-DU,08-Apr-20,-0.8,-0.4,-0.8,-0.8,-0.7,0.4
AE-DU,09-Apr-20,-0.8,-0.4,-0.8,-0.8,-0.7,0.4
AE-DU,10-Apr-20,-0.9,-0.6,-0.9,-0.9,-0.6,0.3
AE-DU,11-Apr-20,-0.8,-0.4,-0.8,-0.8,-0.6,0.3
AE-DU,12-Apr-20,-0.8,-0.4,-0.8,-0.8,-0.7,0.4
AE-DU,13-Apr-20,-0.8,-0.4,-0.8,-0.8,-0.7,0.4
AE-DU,14-Apr-20,-0.8,-0.4,-0.8,-0.8,-0.7,0.4
AE-DU,15-Apr-20,-0.8,-0.4,-0.8,-0.8,-0.7,0.4
AE-DU,16-Apr-20,-0.8,-0.4,-0.8,-0.8,-0.6,0.4
AE-DU,17-Apr-20,-0.8,-0.6,-0.9,-0.9,-0.6,0.3
AE-DU,18-Apr-20,-0.8,-0.5,-0.8,-0.8,-0.6,0.3
AE-DU,19-Apr-20,-0.8,-0.5,-0.8,-0.8,-0.6,0.4
AE-DU,20-Apr-20,-0.8,-0.5,-0.8,-0.8,-0.6,0.4
AE-DU,21-Apr-20,-0.8,-0.5,-0.8,-0.8,-0.6,0.4
AE-DU,22-Apr-20,-0.8,-0.4,-0.8,-0.8,-0.6,0.4
AE-DU,23-Apr-20,-0.8,-0.4,-0.8,-0.8,-0.6,0.4
AE-DU,24-Apr-20,-0.8,-0.4,-0.9,-0.8,-0.5,0.3
AE-DU,25-Apr-20,-0.7,-0.4,-0.8,-0.8,-0.5,0.3
AE-DU,26-Apr-20,-0.6,-0.3,-0.8,-0.7,-0.5,0.3
AE-DU,27-Apr-20,-0.6,-0.3,-0.8,-0.7,-0.5,0.3
AE-DU,28-Apr-20,-0.6,-0.3,-0.7,-0.7,-0.5,0.3
AE-DU,29-Apr-20,-0.6,-0.3,-0.7,-0.7,-0.5,0.3
AE-DU,30-Apr-20,-0.6,-0.3,-0.7,-0.7,-0.5,0.4
AE-DU,01-May-20,-0.7,-0.4,-0.9,-0.7,-0.5,0.2
AE-DU,02-May-20,-0.6,-0.3,-0.8,-0.7,-0.4,0.2
AE-DU,03-May-20,-0.6,-0.3,-0.7,-0.7,-0.5,0.3
AE-DU,04-May-20,-0.6,-0.3,-0.7,-0.7,-0.5,0.3
AE-DU,05-May-20,-0.6,-0.3,-0.7,-0.6,-0.5,0.3
AE-DU,06-May-20,-0.6,-0.2,-0.7,-0.6,-0.5,0.3
AE-DU,07-May-20,-0.6,-0.2,-0.7,-0.6,-0.5,0.3
AE-DU,08-May-20,-0.7,-0.4,-0.8,-0.7,-0.4,0.2
AE-DU,09-May-20,-0.6,-0.3,-0.7,-0.6,-0.3,0.2
AE-DU,10-May-20,-0.5,-0.2,-0.7,-0.6,-0.4,0.3
AE-DU,11-May-20,-0.6,-0.2,-0.7,-0.6,-0.5,0.3
AE-DU,12-May-20,-0.6,-0.2,-0.7,-0.6,-0.5,0.3
AE-DU,13-May-20,-0.6,-0.2,-0.7,-0.6,-0.5,0.3
AE-DU,14-May-20,-0.6,-0.2,-0.7,-0.6,-0.5,0.3
AE-DU,15-May-20,-0.7,-0.3,-0.8,-0.7,-0.4,0.2
AE-DU,16-May-20,-0.6,-0.2,-0.7,-0.6,-0.3,0.2
AE-DU,17-May-20,-0.5,-0.2,-0.7,-0.6,-0.4,0.3
AE-DU,18-May-20,-0.5,-0.2,-0.7,-0.6,-0.4,0.3
AE-DU,19-May-20,-0.6,-0.2,-0.7,-0.6,-0.5,0.3
AE-DU,20-May-20,-0.6,-0.2,-0.7,-0.6,-0.5,0.3
AE-DU,21-May-20,-0.6,-0.2,-0.7,-0.6,-0.5,0.3
AE-DU,22-May-20,-0.7,-0.3,-0.8,-0.7,-0.4,0.2
AE-DU,23-May-20,-0.6,-0.2,-0.8,-0.7,-0.5,0.3
AE-DU,24-May-20,-0.6,-0.3,-0.7,-0.7,-0.8,0.4
AE-DU,25-May-20,-0.6,-0.2,-0.7,-0.7,-0.8,0.4
AE-DU,26-May-20,-0.6,-0.2,-0.7,-0.7,-0.7,0.4
AE-DU,27-May-20,-0.5,-0.1,-0.7,-0.5,-0.4,0.3
AE-DU,28-May-20,-0.5,-0.2,-0.7,-0.6,-0.4,0.3
AE-DU,29-May-20,-0.6,-0.3,-0.7,-0.6,-0.3,0.2
AE-DU,30-May-20,-0.5,-0.2,-0.6,-0.5,-0.2,0.2
AE-DU,31-May-20,-0.4,-0.1,-0.6,-0.5,-0.3,0.2
AE-DU,01-Jun-20,-0.4,-0.1,-0.6,-0.5,-0.3,0.2
AE-DU,02-Jun-20,-0.4,-0.1,-0.6,-0.5,-0.3,0.2
AE-DU,03-Jun-20,-0.4,-0.1,-0.6,-0.5,-0.3,0.2
AE-DU,04-Jun-20,-0.4,-0.1,-0.6,-0.5,-0.3,0.2
AE-DU,05-Jun-20,-0.6,-0.2,-0.7,-0.6,-0.3,0.2
AE-DU,06-Jun-20,-0.5,-0.1,-0.6,-0.5,-0.2,0.2
AE-DU,07-Jun-20,-0.4,-0.1,-0.6,-0.5,-0.3,0.2
AE-DU,08-Jun-20,-0.4,-0.1,-0.6,-0.5,-0.3,0.2
AE-DU,09-Jun-20,-0.4,-0.1,-0.6,-0.5,-0.3,0.2
AE-DU,10-Jun-20,-0.4,-0.1,-0.6,-0.5,-0.3,0.2
AE-DU,11-Jun-20,-0.4,-0.1,-0.6,-0.5,-0.3,0.2
AE-DU,12-Jun-20,-0.5,-0.2,-0.7,-0.6,-0.3,0.2
AE-DU,13-Jun-20,-0.4,-0.2,-0.6,-0.5,-0.2,0.2
AE-DU,14-Jun-20,-0.4,-0.1,-0.5,-0.5,-0.3,0.2
AE-DU,15-Jun-20,-0.4,-0.1,-0.5,-0.5,-0.3,0.2
AE-DU,16-Jun-20,-0.4,-0.1,-0.5,-0.5,-0.3,0.2
AE-DU,17-Jun-20,-0.4,-0.1,-0.5,-0.5,-0.3,0.2
AE-DU,18-Jun-20,-0.4,-0.1,-0.6,-0.5,-0.3,0.2
AE-DU,19-Jun-20,-0.5,-0.2,-0.6,-0.6,-0.3,0.2
AE-DU,20-Jun-20,-0.4,-0.1,-0.6,-0.5,-0.2,0.1
AE-DU,21-Jun-20,-0.4,-0.1,-0.5,-0.5,-0.3,0.2
AE-DU,22-Jun-20,-0.4,-0.1,-0.5,-0.5,-0.3,0.2
AE-DU,23-Jun-20,-0.4,-0.1,-0.5,-0.5,-0.3,0.2
AE-DU,24-Jun-20,-0.4,-0.1,-0.5,-0.5,-0.3,0.2
AE-DU,25-Jun-20,-0.4,-0.1,-0.5,-0.5,-0.3,0.2
AE-DU,26-Jun-20,-0.5,-0.2,-0.6,-0.5,-0.2,0.2
AE-DU,27-Jun-20,-0.4,-0.1,-0.6,-0.5,-0.2,0.1
AE-DU,28-Jun-20,-0.3,-0.1,-0.5,-0.5,-0.3,0.2
AE-DU,29-Jun-20,-0.3,-0.1,-0.5,-0.5,-0.3,0.2
AE-DU,30-Jun-20,-0.3,-0.1,-0.5,-0.5,-0.3,0.2
AE-DU,01-Jul-20,-0.3,-0.1,-0.5,-0.5,-0.3,0.2
AE-DU,02-Jul-20,-0.3,-0.1,-0.5,-0.5,-0.3,0.2
AE-DU,03-Jul-20,-0.4,-0.1,-0.6,-0.5,-0.2,0.1
AE-DU,04-Jul-20,-0.4,-0.1,-0.5,-0.5,-0.2,0.1
AE-DU,05-Jul-20,-0.3,0.0,-0.5,-0.5,-0.3,0.2
AE-DU,06-Jul-20,-0.3,-0.1,-0.5,-0.5,-0.3,0.2
AE-DU,07-Jul-20,-0.3,-0.1,-0.5,-0.4,-0.3,0.2
AE-DU,08-Jul-20,-0.3,-0.1,-0.5,-0.5,-0.3,0.2
AE-DU,09-Jul-20,-0.3,-0.1,-0.5,-0.4,-0.3,0.2
AE-DU,10-Jul-20,-0.4,-0.1,-0.6,-0.5,-0.2,0.1
AE-DU,11-Jul-20,-0.3,-0.1,-0.5,-0.5,-0.1,0.1
AE-DU,12-Jul-20,-0.3,-0.1,-0.5,-0.4,-0.2,0.2
AE-DU,13-Jul-20,-0.3,-0.1,-0.5,-0.4,-0.2,0.2
AE-DU,14-Jul-20,-0.3,-0.1,-0.5,-0.4,-0.3,0.2
AE-DU,15-Jul-20,-0.3,-0.1,-0.5,-0.4,-0.3,0.2
AE-DU,16-Jul-20,-0.3,-0.1,-0.5,-0.4,-0.2,0.2
AE-DU,17-Jul-20,-0.4,-0.1,-0.6,-0.5,-0.2,0.1
AE-DU,18-Jul-20,-0.3,-0.1,-0.5,-0.5,-0.1,0.1
AE-DU,19-Jul-20,-0.3,0.0,-0.5,-0.4,-0.2,0.1
AE-DU,20-Jul-20,-0.3,-0.1,-0.5,-0.4,-0.2,0.1
AE-DU,21-Jul-20,-0.3,-0.1,-0.5,-0.4,-0.3,0.1
AE-FU,15-Feb-20,0.0,0.0,0.0,0.0,0.1,0.0
AE-FU,16-Feb-20,-0.1,0.0,0.0,0.0,0.0,0.0
AE-FU,17-Feb-20,-0.1,0.0,0.0,0.0,0.0,0.0
AE-FU,18-Feb-20,-0.1,0.0,-0.1,0.0,0.0,0.0
AE-FU,19-Feb-20,-0.1,0.0,0.1,0.0,0.0,0.0
AE-FU,20-Feb-20,-0.1,0.0,0.1,0.0,0.0,0.0
AE-FU,21-Feb-20,-0.1,-0.1,-0.1,0.0,0.0,0.0
AE-FU,22-Feb-20,-0.1,0.0,0.1,0.0,0.1,0.0
AE-FU,23-Feb-20,-0.1,-0.1,0.1,0.0,0.0,0.0
AE-FU,24-Feb-20,-0.1,0.0,0.0,0.0,0.0,0.0
AE-FU,25-Feb-20,-0.1,0.0,0.0,0.0,0.0,0.0
AE-FU,26-Feb-20,-0.1,0.0,0.1,0.0,0.0,0.0
AE-FU,27-Feb-20,-0.1,0.0,-0.1,0.0,0.0,0.0
AE-FU,28-Feb-20,0.0,-0.1,-0.1,0.0,0.0,0.0
AE-FU,29-Feb-20,0.0,0.0,0.0,0.0,0.1,0.0
AE-FU,01-Mar-20,0.0,0.1,0.1,0.0,0.1,0.0
AE-FU,02-Mar-20,0.0,0.1,0.0,0.0,0.1,0.0
AE-FU,03-Mar-20,0.0,0.1,0.0,0.0,0.0,0.0
AE-FU,04-Mar-20,0.0,0.0,0.1,0.0,0.0,0.0
AE-FU,05-Mar-20,-0.1,0.0,0.0,0.0,0.1,0.0
AE-FU,06-Mar-20,-0.1,0.0,-0.1,0.0,0.1,0.0
AE-FU,07-Mar-20,0.0,0.0,0.1,0.0,0.1,0.0
AE-FU,08-Mar-20,0.0,0.1,0.1,0.0,0.0,0.0
AE-FU,09-Mar-20,0.0,0.0,0.1,0.0,0.0,0.0
AE-FU,10-Mar-20,-0.1,0.1,0.1,0.0,0.0,0.0
AE-FU,11-Mar-20,0.0,0.0,0.1,0.0,0.0,0.0
AE-FU,12-Mar-20,-0.1,0.0,0.0,0.0,0.0,0.1
AE-FU,13-Mar-20,-0.1,-0.1,0.0,0.0,0.0,0.1
AE-FU,14-Mar-20,-0.1,0.0,0.1,0.0,0.1,0.0
AE-FU,15-Mar-20,-0.1,0.0,0.0,0.0,0.0,0.0
AE-FU,16-Mar-20,-0.1,0.0,0.0,0.0,-0.1,0.1
AE-FU,17-Mar-20,-0.1,0.0,-0.1,0.0,-0.1,0.1
AE-FU,18-Mar-20,-0.2,0.0,-0.1,0.0,-0.1,0.1
AE-FU,19-Mar-20,-0.2,-0.1,-0.2,0.0,-0.1,0.1
AE-FU,20-Mar-20,-0.3,-0.2,-0.3,0.0,0.0,0.1
AE-FU,21-Mar-20,-0.3,-0.2,-0.1,0.0,0.0,0.1
AE-FU,22-Mar-20,-0.3,-0.2,-0.2,0.0,-0.1,0.1
AE-FU,23-Mar-20,-0.2,0.0,-0.3,0.0,-0.1,0.1
AE-FU,24-Mar-20,-0.3,-0.1,-0.3,0.0,-0.2,0.1
AE-FU,25-Mar-20,-0.4,-0.2,-0.3,0.0,-0.2,0.1
AE-FU,26-Mar-20,-0.5,-0.3,-0.4,0.0,-0.2,0.2
AE-FU,27-Mar-20,-0.7,-0.6,-0.7,0.0,-0.4,0.0
AE-FU,28-Mar-20,-0.6,-0.4,-0.4,0.0,-0.4,0.2
AE-FU,29-Mar-20,-0.5,-0.3,-0.3,0.0,-0.3,0.2
AE-FU,30-Mar-20,-0.5,-0.3,-0.3,0.0,-0.3,0.2
AE-FU,31-Mar-20,-0.4,-0.2,-0.3,0.0,-0.3,0.2
AE-FU,01-Apr-20,-0.4,-0.2,-0.3,0.0,-0.3,0.2
AE-FU,02-Apr-20,-0.5,-0.3,-0.4,0.0,-0.3,0.2
AE-FU,03-Apr-20,-0.6,-0.4,-0.6,0.0,-0.3,0.2
AE-FU,04-Apr-20,-0.4,-0.3,-0.4,0.0,-0.2,0.2
AE-FU,05-Apr-20,-0.4,-0.2,-0.3,0.0,-0.3,0.2
AE-FU,06-Apr-20,-0.4,-0.2,-0.3,0.0,-0.3,0.2
AE-FU,07-Apr-20,-0.4,-0.2,-0.4,0.0,-0.3,0.2
AE-FU,08-Apr-20,-0.4,-0.2,-0.4,0.0,-0.3,0.2
AE-FU,09-Apr-20,-0.5,-0.3,-0.5,0.0,-0.3,0.2
AE-FU,10-Apr-20,-0.6,-0.4,-0.7,0.0,-0.3,0.2
AE-FU,11-Apr-20,-0.4,-0.3,-0.5,0.0,-0.2,0.2
AE-FU,12-Apr-20,-0.4,-0.2,-0.4,0.0,-0.3,0.2
AE-FU,13-Apr-20,-0.4,-0.2,-0.4,0.0,-0.3,0.2
AE-FU,14-Apr-20,-0.4,-0.2,-0.4,0.0,-0.3,0.2
AE-FU,15-Apr-20,-0.4,-0.2,-0.4,0.0,-0.3,0.2
AE-FU,16-Apr-20,-0.5,-0.2,-0.4,0.0,-0.3,0.2
AE-FU,17-Apr-20,-0.5,-0.4,-0.6,0.0,-0.3,0.2
AE-FU,18-Apr-20,-0.4,-0.3,-0.5,-0.4,-0.2,0.2
AE-FU,19-Apr-20,-0.4,-0.3,-0.3,-0.4,-0.3,0.2
AE-FU,20-Apr-20,-0.4,-0.2,-0.4,-0.4,-0.3,0.2
AE-FU,21-Apr-20,-0.4,-0.2,-0.4,-0.3,-0.3,0.2
AE-FU,22-Apr-20,-0.4,-0.2,-0.4,-0.4,-0.3,0.2
AE-FU,23-Apr-20,-0.4,-0.2,-0.5,-0.4,-0.3,0.2
AE-FU,24-Apr-20,-0.6,-0.4,-0.7,0.0,-0.3,0.2
AE-FU,25-Apr-20,-0.5,-0.3,-0.5,-0.4,-0.2,0.2
AE-FU,26-Apr-20,-0.5,-0.3,-0.4,-0.4,-0.3,0.2
AE-FU,27-Apr-20,-0.5,-0.2,-0.5,-0.4,-0.3,0.2
AE-FU,28-Apr-20,-0.4,-0.2,-0.5,-0.4,-0.3,0.2
AE-FU,29-Apr-20,-0.4,-0.2,-0.5,-0.4,-0.3,0.2
AE-FU,30-Apr-20,-0.5,-0.2,-0.5,-0.4,-0.3,0.2
AE-FU,01-May-20,-0.5,-0.4,-0.7,0.0,-0.2,0.2
AE-FU,02-May-20,-0.4,-0.2,-0.5,-0.3,-0.2,0.2
AE-FU,03-May-20,-0.4,-0.2,-0.4,-0.4,-0.3,0.2
AE-FU,04-May-20,-0.4,-0.2,-0.4,-0.3,-0.3,0.2
AE-FU,05-May-20,-0.4,-0.2,-0.4,-0.4,-0.3,0.2
AE-FU,06-May-20,-0.4,-0.1,-0.4,-0.3,-0.3,0.2
AE-FU,07-May-20,-0.4,-0.2,-0.5,-0.4,-0.3,0.2
AE-FU,08-May-20,-0.5,-0.4,-0.7,-0.5,-0.2,0.2
AE-FU,09-May-20,-0.4,-0.2,-0.4,-0.4,-0.2,0.2
AE-FU,10-May-20,-0.4,-0.2,-0.4,-0.3,-0.3,0.2
AE-FU,11-May-20,-0.4,-0.2,-0.4,0.0,-0.3,0.2
AE-FU,12-May-20,-0.4,-0.2,-0.5,-0.3,-0.3,0.2
AE-FU,13-May-20,-0.4,-0.2,-0.5,-0.4,-0.3,0.2
AE-FU,14-May-20,-0.5,-0.2,-0.5,-0.4,-0.3,0.2
AE-FU,15-May-20,-0.5,-0.4,-0.7,-0.5,-0.2,0.2
AE-FU,16-May-20,-0.4,-0.2,-0.5,-0.5,-0.2,0.2
AE-FU,17-May-20,-0.4,-0.2,-0.4,-0.3,-0.3,0.2
AE-FU,18-May-20,-0.4,-0.2,-0.5,0.0,-0.3,0.2
AE-FU,19-May-20,-0.4,-0.2,-0.5,-0.3,-0.3,0.2
AE-FU,20-May-20,-0.5,-0.3,-0.5,-0.5,-0.3,0.2
AE-FU,21-May-20,-0.5,-0.3,-0.6,-0.4,-0.3,0.2
AE-FU,22-May-20,-0.5,-0.3,-0.7,-0.6,-0.2,0.2
AE-FU,23-May-20,-0.4,-0.2,-0.5,-0.5,-0.3,0.2
AE-FU,24-May-20,-0.5,-0.3,-0.1,-0.3,-0.6,0.3
AE-FU,25-May-20,-0.4,-0.2,-0.1,0.0,-0.6,0.2
AE-FU,26-May-20,-0.4,-0.2,-0.3,-0.2,-0.5,0.2
AE-FU,27-May-20,-0.4,-0.2,-0.4,-0.4,-0.3,0.2
AE-FU,28-May-20,-0.4,-0.3,-0.4,-0.3,-0.3,0.2
AE-FU,29-May-20,-0.5,-0.3,-0.6,-0.4,-0.2,0.2
AE-FU,30-May-20,-0.3,-0.2,-0.4,-0.3,-0.1,0.1
AE-FU,31-May-20,-0.3,-0.1,-0.3,-0.3,-0.2,0.1
AE-FU,01-Jun-20,-0.3,-0.1,-0.3,0.0,-0.2,0.1
AE-FU,02-Jun-20,-0.3,-0.1,-0.4,-0.3,-0.2,0.1
AE-FU,03-Jun-20,-0.3,-0.1,-0.4,-0.3,-0.2,0.2
AE-FU,04-Jun-20,-0.4,-0.2,-0.4,-0.3,-0.2,0.2
AE-FU,05-Jun-20,-0.4,-0.3,-0.6,-0.3,-0.1,0.2
AE-FU,06-Jun-20,-0.3,-0.2,-0.4,0.0,-0.1,0.1
AE-FU,07-Jun-20,-0.3,-0.1,-0.4,-0.2,-0.2,0.1
AE-FU,08-Jun-20,-0.3,-0.1,-0.4,0.0,-0.2,0.1
AE-FU,09-Jun-20,-0.3,-0.1,-0.4,-0.2,-0.2,0.1
AE-FU,10-Jun-20,-0.3,-0.1,-0.4,-0.2,-0.2,0.2
AE-FU,11-Jun-20,-0.4,-0.2,-0.4,-0.3,-0.2,0.2
AE-FU,12-Jun-20,-0.4,-0.3,-0.6,-0.4,-0.1,0.1
AE-FU,13-Jun-20,-0.3,-0.2,-0.4,0.0,-0.1,0.1
AE-FU,14-Jun-20,-0.3,-0.1,-0.3,-0.2,-0.2,0.1
AE-FU,15-Jun-20,-0.3,-0.1,-0.4,0.0,-0.2,0.1
AE-FU,16-Jun-20,-0.3,-0.1,-0.4,-0.3,-0.2,0.1
AE-FU,17-Jun-20,-0.3,-0.1,-0.4,-0.3,-0.2,0.1
AE-FU,18-Jun-20,-0.4,-0.2,-0.4,-0.3,-0.2,0.2
AE-FU,19-Jun-20,-0.4,-0.3,-0.6,-0.4,-0.1,0.1
AE-FU,20-Jun-20,-0.3,-0.2,-0.4,-0.4,-0.1,0.1
AE-FU,21-Jun-20,-0.3,-0.2,-0.4,-0.2,-0.2,0.1
AE-FU,22-Jun-20,-0.3,-0.1,-0.4,0.0,-0.2,0.1
AE-FU,23-Jun-20,-0.3,-0.1,-0.4,-0.3,-0.2,0.1
AE-FU,24-Jun-20,-0.3,-0.1,-0.3,-0.3,-0.2,0.1
AE-FU,25-Jun-20,-0.3,-0.2,-0.4,-0.2,-0.2,0.1
AE-FU,26-Jun-20,-0.3,-0.2,-0.5,-0.2,-0.1,0.1
AE-FU,27-Jun-20,-0.3,-0.1,-0.4,0.0,-0.1,0.1
AE-FU,28-Jun-20,-0.2,-0.1,-0.3,-0.2,-0.2,0.1
AE-FU,29-Jun-20,-0.2,0.0,-0.4,0.0,-0.2,0.1
AE-FU,30-Jun-20,-0.2,0.0,-0.3,-0.4,-0.2,0.1
AE-FU,01-Jul-20,-0.2,0.0,-0.3,-0.5,-0.2,0.1
AE-FU,02-Jul-20,-0.2,-0.1,-0.3,-0.3,-0.2,0.1
AE-FU,03-Jul-20,-0.3,-0.2,-0.5,-0.6,-0.1,0.1
AE-FU,04-Jul-20,-0.2,-0.1,-0.3,-0.5,-0.1,0.1
AE-FU,05-Jul-20,-0.2,0.0,-0.2,-0.3,-0.2,0.1
AE-FU,06-Jul-20,-0.2,0.0,-0.3,0.0,-0.2,0.1
AE-FU,07-Jul-20,-0.2,0.0,-0.3,-0.3,-0.2,0.1
AE-FU,08-Jul-20,-0.2,-0.1,-0.3,-0.5,-0.2,0.1
AE-FU,09-Jul-20,-0.2,-0.1,-0.3,-0.3,-0.2,0.1
AE-FU,10-Jul-20,-0.3,-0.2,-0.5,-0.7,-0.1,0.1
AE-FU,11-Jul-20,-0.2,-0.1,-0.3,-0.5,-0.1,0.1
AE-FU,12-Jul-20,-0.2,-0.1,-0.3,-0.4,-0.2,0.1
AE-FU,13-Jul-20,-0.2,0.0,-0.3,0.0,-0.2,0.1
AE-FU,14-Jul-20,-0.2,-0.1,-0.3,-0.5,-0.2,0.1
AE-FU,15-Jul-20,-0.2,-0.1,-0.2,-0.4,-0.2,0.1
AE-FU,16-Jul-20,-0.2,-0.1,-0.3,-0.4,-0.2,0.1
AE-FU,17-Jul-20,-0.3,-0.2,-0.5,-0.6,-0.1,0.1
AE-FU,18-Jul-20,-0.2,-0.1,-0.2,-0.6,0.0,0.1
AE-FU,19-Jul-20,-0.2,-0.1,-0.2,-0.4,-0.2,0.1
AE-FU,20-Jul-20,-0.2,-0.1,-0.2,-0.4,-0.2,0.1
AE-FU,21-Jul-20,-0.2,-0.1,-0.3,-0.4,-0.2,0.1
AE-RK,15-Feb-20,0.0,0.0,0.2,-0.1,0.0,0.0
AE-RK,16-Feb-20,0.0,0.0,0.0,0.0,0.0,0.0
AE-RK,17-Feb-20,0.0,0.0,0.0,0.0,0.0,0.0
AE-RK,18-Feb-20,0.0,0.0,0.1,0.0,0.0,0.0
AE-RK,19-Feb-20,0.0,0.0,0.0,-0.1,0.0,0.0
AE-RK,20-Feb-20,0.0,0.0,0.0,-0.1,0.0,0.0
AE-RK,21-Feb-20,0.0,0.0,0.2,0.0,0.0,0.0
AE-RK,22-Feb-20,0.0,0.0,0.1,-0.1,0.0,0.0
AE-RK,23-Feb-20,0.0,0.0,0.0,-0.1,0.0,0.0
AE-RK,24-Feb-20,0.0,0.0,0.0,0.0,0.0,0.0
AE-RK,25-Feb-20,0.0,0.0,0.0,-0.1,0.0,0.0
AE-RK,26-Feb-20,0.0,0.0,0.0,-0.1,0.0,0.0
AE-RK,27-Feb-20,0.0,0.0,0.1,-0.1,0.0,0.0
AE-RK,28-Feb-20,0.0,0.0,0.3,-0.1,0.0,0.0
AE-RK,29-Feb-20,0.0,0.1,0.1,-0.1,0.0,0.0
AE-RK,01-Mar-20,0.1,0.1,0.0,0.0,0.0,0.0
AE-RK,02-Mar-20,0.0,0.0,0.0,0.0,0.0,0.0
AE-RK,03-Mar-20,0.0,0.0,0.0,0.0,0.0,0.0
AE-RK,04-Mar-20,0.0,0.1,0.0,0.0,0.0,0.0
AE-RK,05-Mar-20,0.0,0.1,0.0,0.0,0.0,0.0
AE-RK,06-Mar-20,0.0,0.1,0.1,0.0,0.0,0.0
AE-RK,07-Mar-20,0.0,0.0,0.1,0.0,0.0,0.0
AE-RK,08-Mar-20,0.0,0.1,0.1,-0.1,0.0,0.0
AE-RK,09-Mar-20,0.0,0.0,0.1,0.0,-0.1,0.0
AE-RK,10-Mar-20,0.0,0.0,0.1,0.0,-0.1,0.0
AE-RK,11-Mar-20,0.0,0.1,0.1,0.0,-0.1,0.0
AE-RK,12-Mar-20,0.0,0.0,0.1,-0.1,-0.1,0.1
AE-RK,13-Mar-20,-0.1,0.0,0.1,0.0,0.0,0.1
AE-RK,14-Mar-20,0.0,0.1,0.1,-0.1,0.0,0.0
AE-RK,15-Mar-20,0.0,0.1,0.1,-0.1,-0.1,0.0
AE-RK,16-Mar-20,-0.1,0.0,0.1,0.0,-0.1,0.1
AE-RK,17-Mar-20,-0.1,0.0,0.1,-0.1,-0.1,0.1
AE-RK,18-Mar-20,-0.1,0.0,0.0,-0.1,-0.1,0.1
AE-RK,19-Mar-20,-0.2,-0.1,-0.1,-0.2,-0.1,0.1
AE-RK,20-Mar-20,-0.3,-0.1,-0.2,-0.3,-0.1,0.1
AE-RK,21-Mar-20,-0.2,-0.1,-0.1,-0.3,0.0,0.1
AE-RK,22-Mar-20,-0.3,-0.2,-0.2,-0.5,-0.2,0.1
AE-RK,23-Mar-20,-0.2,0.1,-0.2,-0.3,-0.2,0.1
AE-RK,24-Mar-20,-0.3,-0.1,-0.2,-0.4,-0.2,0.1
AE-RK,25-Mar-20,-0.4,-0.1,-0.2,-0.5,-0.2,0.2
AE-RK,26-Mar-20,-0.4,-0.2,-0.3,-0.6,-0.3,0.2
AE-RK,27-Mar-20,-0.7,-0.6,-0.7,-0.9,-0.4,0.2
AE-RK,28-Mar-20,-0.6,-0.4,-0.4,-0.6,-0.4,0.2
AE-RK,29-Mar-20,-0.5,-0.3,-0.3,-0.7,-0.3,0.2
AE-RK,30-Mar-20,-0.5,-0.3,-0.3,-0.7,-0.3,0.2
AE-RK,31-Mar-20,-0.4,-0.2,-0.3,-0.6,-0.3,0.2
AE-RK,01-Apr-20,-0.4,-0.2,-0.3,-0.6,-0.3,0.2
AE-RK,02-Apr-20,-0.5,-0.2,-0.3,-0.7,-0.3,0.2
AE-RK,03-Apr-20,-0.6,-0.3,-0.6,-0.8,-0.3,0.2
AE-RK,04-Apr-20,-0.4,-0.2,-0.3,-0.6,-0.2,0.2
AE-RK,05-Apr-20,-0.4,-0.2,-0.2,-0.7,-0.3,0.2
AE-RK,06-Apr-20,-0.4,-0.2,-0.2,-0.6,-0.4,0.2
AE-RK,07-Apr-20,-0.5,-0.2,-0.4,-0.6,-0.3,0.2
AE-RK,08-Apr-20,-0.4,-0.2,-0.5,-0.6,-0.3,0.2
AE-RK,09-Apr-20,-0.5,-0.2,-0.5,-0.6,-0.4,0.2
AE-RK,10-Apr-20,-0.6,-0.3,-0.7,-0.7,-0.3,0.2
AE-RK,11-Apr-20,-0.5,-0.2,-0.5,-0.6,-0.3,0.2
AE-RK,12-Apr-20,-0.4,-0.2,-0.4,-0.6,-0.4,0.2
AE-RK,13-Apr-20,-0.4,-0.2,-0.4,-0.5,-0.3,0.2
AE-RK,14-Apr-20,-0.4,-0.2,-0.3,-0.6,-0.3,0.2
AE-RK,15-Apr-20,-0.4,-0.2,-0.4,-0.5,-0.3,0.2
AE-RK,16-Apr-20,-0.5,-0.2,-0.5,-0.6,-0.3,0.2
AE-RK,17-Apr-20,-0.6,-0.3,-0.7,-0.7,-0.3,0.2
AE-RK,18-Apr-20,-0.5,-0.3,-0.5,-0.6,-0.2,0.2
AE-RK,19-Apr-20,-0.4,-0.2,-0.4,-0.6,-0.3,0.2
AE-RK,20-Apr-20,-0.4,-0.2,-0.4,-0.5,-0.3,0.2
AE-RK,21-Apr-20,-0.4,-0.2,-0.4,-0.6,-0.3,0.2
AE-RK,22-Apr-20,-0.4,-0.2,-0.4,-0.6,-0.3,0.2
AE-RK,23-Apr-20,-0.4,-0.2,-0.5,-0.6,-0.3,0.2
AE-RK,24-Apr-20,-0.6,-0.3,-0.7,-0.7,-0.3,0.2
AE-RK,25-Apr-20,-0.5,-0.3,-0.5,-0.6,-0.3,0.2
AE-RK,26-Apr-20,-0.5,-0.2,-0.5,-0.7,-0.3,0.2
AE-RK,27-Apr-20,-0.4,-0.2,-0.5,-0.6,-0.3,0.2
AE-RK,28-Apr-20,-0.4,-0.2,-0.4,-0.6,-0.3,0.2
AE-RK,29-Apr-20,-0.4,-0.2,-0.5,-0.6,-0.3,0.2
AE-RK,30-Apr-20,-0.5,-0.3,-0.5,-0.6,-0.3,0.2
AE-RK,01-May-20,-0.6,-0.3,-0.7,-0.7,-0.3,0.2
AE-RK,02-May-20,-0.4,-0.2,-0.5,-0.6,-0.3,0.2
AE-RK,03-May-20,-0.4,-0.2,-0.5,-0.6,-0.3,0.2
AE-RK,04-May-20,-0.4,-0.2,-0.4,-0.5,-0.3,0.2
AE-RK,05-May-20,-0.4,-0.2,-0.5,-0.6,-0.3,0.2
AE-RK,06-May-20,-0.4,-0.2,-0.5,-0.6,-0.3,0.2
AE-RK,07-May-20,-0.4,-0.2,-0.5,-0.6,-0.3,0.2
AE-RK,08-May-20,-0.5,-0.3,-0.7,-0.7,-0.3,0.2
AE-RK,09-May-20,-0.4,-0.2,-0.5,-0.6,-0.2,0.2
AE-RK,10-May-20,-0.4,-0.2,-0.5,-0.6,-0.3,0.2
AE-RK,11-May-20,-0.4,-0.2,-0.5,-0.6,-0.3,0.2
AE-RK,12-May-20,-0.4,-0.2,-0.4,-0.6,-0.3,0.2
AE-RK,13-May-20,-0.4,-0.2,-0.5,-0.6,-0.3,0.2
AE-RK,14-May-20,-0.5,-0.2,-0.5,-0.7,-0.3,0.2
AE-RK,15-May-20,-0.5,-0.3,-0.6,-0.7,-0.3,0.2
AE-RK,16-May-20,-0.4,-0.2,-0.4,-0.6,-0.2,0.2
AE-RK,17-May-20,-0.4,-0.1,-0.4,-0.6,-0.3,0.2
AE-RK,18-May-20,-0.4,-0.2,-0.4,-0.5,-0.3,0.2
AE-RK,19-May-20,-0.4,-0.2,-0.4,-0.6,-0.3,0.2
AE-RK,20-May-20,-0.5,-0.2,-0.4,-0.6,-0.3,0.2
AE-RK,21-May-20,-0.4,-0.2,-0.5,-0.6,-0.3,0.3
AE-RK,22-May-20,-0.5,-0.2,-0.7,-0.6,-0.3,0.2
AE-RK,23-May-20,-0.4,-0.1,-0.5,-0.6,-0.4,0.2
AE-RK,24-May-20,-0.5,-0.3,-0.3,-0.8,-0.7,0.3
AE-RK,25-May-20,-0.4,-0.2,-0.3,-0.7,-0.6,0.3
AE-RK,26-May-20,-0.4,-0.2,-0.4,-0.7,-0.5,0.2
AE-RK,27-May-20,-0.4,-0.2,-0.4,-0.5,-0.3,0.2
AE-RK,28-May-20,-0.4,-0.2,-0.4,-0.6,-0.3,0.2
AE-RK,29-May-20,-0.5,-0.3,-0.6,-0.7,-0.2,0.2
AE-RK,30-May-20,-0.3,-0.1,-0.4,-0.5,-0.1,0.1
AE-RK,31-May-20,-0.3,0.0,-0.3,-0.5,-0.2,0.2
AE-RK,01-Jun-20,-0.3,0.0,-0.3,-0.3,-0.2,0.2
AE-RK,02-Jun-20,-0.3,-0.1,-0.3,-0.4,-0.2,0.2
AE-RK,03-Jun-20,-0.3,-0.1,-0.3,-0.3,-0.2,0.2
AE-RK,04-Jun-20,-0.3,-0.1,-0.4,-0.5,-0.2,0.2
AE-RK,05-Jun-20,-0.4,-0.2,-0.5,-0.5,-0.2,0.2
AE-RK,06-Jun-20,-0.3,-0.1,-0.4,-0.4,-0.1,0.1
AE-RK,07-Jun-20,-0.3,0.0,-0.3,-0.5,-0.2,0.2
AE-RK,08-Jun-20,-0.3,-0.1,-0.3,-0.4,-0.2,0.2
AE-RK,09-Jun-20,-0.3,-0.1,-0.3,-0.4,-0.2,0.2
AE-RK,10-Jun-20,-0.3,-0.1,-0.3,-0.4,-0.2,0.2
AE-RK,11-Jun-20,-0.3,-0.1,-0.3,-0.5,-0.2,0.2
AE-RK,12-Jun-20,-0.4,-0.2,-0.5,-0.6,-0.1,0.2
AE-RK,13-Jun-20,-0.3,-0.1,-0.4,-0.4,-0.1,0.1
AE-RK,14-Jun-20,-0.2,0.0,-0.3,-0.5,-0.2,0.2
AE-RK,15-Jun-20,-0.3,-0.1,-0.3,-0.2,-0.2,0.2
AE-RK,16-Jun-20,-0.3,-0.1,-0.3,-0.4,-0.2,0.1
AE-RK,17-Jun-20,-0.2,0.0,-0.3,0.2,-0.2,0.2
AE-RK,18-Jun-20,-0.3,-0.1,-0.4,-0.2,-0.2,0.2
AE-RK,19-Jun-20,-0.4,-0.2,-0.5,0.2,-0.1,0.2
AE-RK,20-Jun-20,-0.3,-0.1,-0.4,0.1,-0.1,0.1
AE-RK,21-Jun-20,-0.2,-0.1,-0.3,-0.3,-0.2,0.1
AE-RK,22-Jun-20,-0.2,-0.1,-0.3,0.1,-0.2,0.1
AE-RK,23-Jun-20,-0.2,-0.1,-0.3,0.1,-0.2,0.1
AE-RK,24-Jun-20,-0.2,0.0,-0.3,0.1,-0.2,0.2
AE-RK,25-Jun-20,-0.2,-0.1,-0.3,-0.1,-0.2,0.2
AE-RK,26-Jun-20,-0.3,-0.1,-0.4,0.2,-0.1,0.1
AE-RK,27-Jun-20,-0.2,0.0,-0.4,0.2,-0.1,0.1
AE-RK,28-Jun-20,-0.2,0.0,-0.3,0.0,-0.2,0.1
AE-RK,29-Jun-20,-0.2,0.0,-0.3,0.3,-0.2,0.1
AE-RK,30-Jun-20,-0.2,0.0,-0.3,0.1,-0.2,0.1
AE-RK,01-Jul-20,-0.1,0.0,-0.4,0.0,-0.2,0.1
AE-RK,02-Jul-20,-0.2,0.0,-0.4,-0.2,-0.2,0.1
AE-RK,03-Jul-20,-0.3,-0.1,-0.5,-0.2,-0.1,0.1
AE-RK,04-Jul-20,-0.2,0.0,-0.4,-0.1,-0.1,0.1
AE-RK,05-Jul-20,-0.1,0.0,-0.4,-0.4,-0.2,0.1
AE-RK,06-Jul-20,-0.1,0.0,-0.3,-0.1,-0.2,0.1
AE-RK,07-Jul-20,-0.1,0.0,-0.3,-0.1,-0.2,0.1
AE-RK,08-Jul-20,-0.2,0.0,-0.4,0.0,-0.2,0.1
AE-RK,09-Jul-20,-0.2,0.0,-0.4,-0.1,-0.2,0.1
AE-RK,10-Jul-20,-0.2,-0.1,-0.4,0.0,-0.1,0.1
AE-RK,11-Jul-20,-0.2,0.0,-0.4,0.0,-0.1,0.1
AE-RK,12-Jul-20,-0.1,0.0,-0.3,-0.2,-0.1,0.1
AE-RK,13-Jul-20,-0.2,0.0,-0.3,0.1,-0.2,0.1
AE-RK,14-Jul-20,-0.2,0.0,-0.4,-0.2,-0.2,0.1
AE-RK,15-Jul-20,-0.1,0.0,-0.3,-0.3,-0.2,0.1
AE-RK,16-Jul-20,-0.2,-0.1,-0.4,-0.3,-0.2,0.1
AE-RK,17-Jul-20,-0.3,-0.1,-0.4,-0.4,-0.1,0.1
AE-RK,18-Jul-20,-0.2,-0.1,-0.3,-0.3,0.0,0.1
AE-RK,19-Jul-20,-0.1,0.0,-0.3,-0.3,-0.1,0.1
AE-RK,20-Jul-20,-0.1,0.0,-0.3,-0.2,-0.2,0.1
AE-RK,21-Jul-20,-0.2,0.0,-0.3,-0.3,-0.2,0.1
AE-SH,15-Feb-20,0.0,0.1,0.1,0.0,0.0,0.0
AE-SH,16-Feb-20,0.0,0.1,0.1,0.0,0.0,0.0
AE-SH,17-Feb-20,0.0,0.0,0.0,0.0,0.0,0.0
AE-SH,18-Feb-20,0.0,0.0,0.1,0.0,0.0,0.0
AE-SH,19-Feb-20,0.0,0.0,0.0,0.0,0.0,0.0
AE-SH,20-Feb-20,0.0,0.0,0.0,0.0,0.0,0.0
AE-SH,21-Feb-20,0.0,0.0,0.0,0.0,0.0,0.0
AE-SH,22-Feb-20,0.0,0.0,0.1,-0.1,0.0,0.0
AE-SH,23-Feb-20,0.0,0.0,0.0,0.0,0.0,0.0
AE-SH,24-Feb-20,0.0,0.0,0.1,0.0,0.0,0.0
AE-SH,25-Feb-20,0.0,0.0,0.0,0.0,0.0,0.0
AE-SH,26-Feb-20,0.0,0.0,0.0,0.0,0.0,0.0
AE-SH,27-Feb-20,0.0,0.0,0.0,0.0,0.0,0.0
AE-SH,28-Feb-20,0.0,0.0,0.0,0.0,0.0,0.0
AE-SH,29-Feb-20,0.0,0.0,0.0,0.0,0.1,0.0
AE-SH,01-Mar-20,0.1,0.1,0.1,0.0,0.0,0.0
AE-SH,02-Mar-20,0.0,0.0,0.1,0.0,0.1,0.0
AE-SH,03-Mar-20,0.0,0.1,0.0,0.0,0.0,0.0
AE-SH,04-Mar-20,0.0,0.0,0.0,-0.1,0.0,0.0
AE-SH,05-Mar-20,0.0,0.0,0.0,0.0,0.0,0.0
AE-SH,06-Mar-20,0.0,0.0,-0.1,0.0,0.0,0.0
AE-SH,07-Mar-20,0.0,0.0,0.1,0.0,0.0,0.0
AE-SH,08-Mar-20,0.1,0.1,0.1,-0.1,0.0,0.0
AE-SH,09-Mar-20,0.0,0.0,0.1,-0.1,0.0,0.0
AE-SH,10-Mar-20,0.0,0.0,0.1,-0.1,0.0,0.0
AE-SH,11-Mar-20,0.0,0.0,0.0,-0.1,0.0,0.0
AE-SH,12-Mar-20,0.0,0.0,0.0,-0.1,0.0,0.1
AE-SH,13-Mar-20,-0.1,0.0,-0.1,-0.1,0.0,0.1
AE-SH,14-Mar-20,0.0,0.0,-0.1,-0.1,0.0,0.0
AE-SH,15-Mar-20,0.0,0.1,-0.1,-0.1,0.0,0.1
AE-SH,16-Mar-20,0.0,0.1,-0.1,-0.1,-0.1,0.1
AE-SH,17-Mar-20,-0.1,0.0,-0.2,-0.2,-0.1,0.1
AE-SH,18-Mar-20,-0.1,0.0,-0.2,-0.2,-0.1,0.1
AE-SH,19-Mar-20,-0.1,0.0,-0.3,-0.3,-0.1,0.1
AE-SH,20-Mar-20,-0.3,-0.2,-0.5,-0.4,-0.1,0.1
AE-SH,21-Mar-20,-0.2,-0.2,-0.3,-0.4,-0.1,0.1
AE-SH,22-Mar-20,-0.2,-0.1,-0.3,-0.5,-0.1,0.1
AE-SH,23-Mar-20,-0.2,0.2,-0.3,-0.5,-0.2,0.1
AE-SH,24-Mar-20,-0.3,-0.1,-0.4,-0.6,-0.2,0.2
AE-SH,25-Mar-20,-0.4,-0.2,-0.5,-0.6,-0.3,0.2
AE-SH,26-Mar-20,-0.5,-0.1,-0.5,-0.7,-0.4,0.2
AE-SH,27-Mar-20,-0.8,-0.6,-0.8,-0.9,-0.5,0.2
AE-SH,28-Mar-20,-0.7,-0.5,-0.7,-0.8,-0.6,0.3
AE-SH,29-Mar-20,-0.5,-0.3,-0.5,-0.7,-0.4,0.2
AE-SH,30-Mar-20,-0.5,-0.3,-0.5,-0.7,-0.4,0.2
AE-SH,31-Mar-20,-0.5,-0.3,-0.5,-0.7,-0.4,0.2
AE-SH,01-Apr-20,-0.4,-0.3,-0.5,-0.7,-0.4,0.2
AE-SH,02-Apr-20,-0.5,-0.3,-0.5,-0.7,-0.4,0.3
AE-SH,03-Apr-20,-0.6,-0.4,-0.7,-0.8,-0.4,0.2
AE-SH,04-Apr-20,-0.5,-0.3,-0.6,-0.7,-0.3,0.2
AE-SH,05-Apr-20,-0.5,-0.2,-0.5,-0.7,-0.5,0.3
AE-SH,06-Apr-20,-0.5,-0.3,-0.5,-0.7,-0.5,0.3
AE-SH,07-Apr-20,-0.5,-0.2,-0.8,-0.7,-0.5,0.3
AE-SH,08-Apr-20,-0.5,-0.2,-0.8,-0.7,-0.5,0.3
AE-SH,09-Apr-20,-0.5,-0.2,-0.8,-0.7,-0.5,0.3
AE-SH,10-Apr-20,-0.6,-0.4,-0.9,-0.8,-0.4,0.2
AE-SH,11-Apr-20,-0.5,-0.3,-0.9,-0.7,-0.4,0.2
AE-SH,12-Apr-20,-0.4,-0.2,-0.8,-0.7,-0.5,0.3
AE-SH,13-Apr-20,-0.5,-0.2,-0.8,-0.7,-0.5,0.3
AE-SH,14-Apr-20,-0.5,-0.2,-0.8,-0.7,-0.5,0.3
AE-SH,15-Apr-20,-0.5,-0.3,-0.8,-0.7,-0.5,0.3
AE-SH,16-Apr-20,-0.5,-0.3,-0.8,-0.7,-0.5,0.3
AE-SH,17-Apr-20,-0.6,-0.4,-0.9,-0.8,-0.4,0.2
AE-SH,18-Apr-20,-0.5,-0.3,-0.8,-0.7,-0.4,0.2
AE-SH,19-Apr-20,-0.4,-0.2,-0.8,-0.7,-0.5,0.3
AE-SH,20-Apr-20,-0.5,-0.3,-0.8,-0.7,-0.5,0.3
AE-SH,21-Apr-20,-0.5,-0.2,-0.8,-0.7,-0.5,0.3
AE-SH,22-Apr-20,-0.4,-0.2,-0.8,-0.7,-0.5,0.3
AE-SH,23-Apr-20,-0.4,-0.2,-0.8,-0.7,-0.5,0.3
AE-SH,24-Apr-20,-0.6,-0.4,-0.9,-0.8,-0.4,0.2
AE-SH,25-Apr-20,-0.5,-0.3,-0.8,-0.8,-0.4,0.2
AE-SH,26-Apr-20,-0.5,-0.2,-0.8,-0.7,-0.5,0.3
AE-SH,27-Apr-20,-0.5,-0.2,-0.8,-0.7,-0.5,0.3
AE-SH,28-Apr-20,-0.5,-0.2,-0.8,-0.7,-0.4,0.3
AE-SH,29-Apr-20,-0.5,-0.2,-0.8,-0.7,-0.4,0.3
AE-SH,30-Apr-20,-0.5,-0.2,-0.8,-0.7,-0.4,0.3
AE-SH,01-May-20,-0.6,-0.4,-0.9,-0.8,-0.4,0.2
AE-SH,02-May-20,-0.5,-0.2,-0.8,-0.7,-0.3,0.2
AE-SH,03-May-20,-0.4,-0.1,-0.8,-0.7,-0.4,0.3
AE-SH,04-May-20,-0.4,-0.2,-0.8,-0.7,-0.4,0.3
AE-SH,05-May-20,-0.4,-0.2,-0.8,-0.7,-0.4,0.3
AE-SH,06-May-20,-0.4,-0.1,-0.8,-0.7,-0.4,0.3
AE-SH,07-May-20,-0.4,-0.2,-0.8,-0.7,-0.4,0.3
AE-SH,08-May-20,-0.5,-0.3,-0.9,-0.8,-0.3,0.2
AE-SH,09-May-20,-0.4,-0.2,-0.8,-0.7,-0.3,0.2
AE-SH,10-May-20,-0.4,-0.1,-0.8,-0.7,-0.4,0.3
AE-SH,11-May-20,-0.4,-0.2,-0.8,-0.7,-0.4,0.3
AE-SH,12-May-20,-0.4,-0.2,-0.8,-0.6,-0.4,0.3
AE-SH,13-May-20,-0.4,-0.2,-0.8,-0.7,-0.4,0.3
AE-SH,14-May-20,-0.4,-0.1,-0.8,-0.7,-0.4,0.3
AE-SH,15-May-20,-0.5,-0.3,-0.9,-0.7,-0.3,0.2
AE-SH,16-May-20,-0.4,-0.2,-0.8,-0.7,-0.3,0.2
AE-SH,17-May-20,-0.3,-0.1,-0.8,-0.7,-0.4,0.3
AE-SH,18-May-20,-0.4,-0.1,-0.8,-0.6,-0.4,0.3
AE-SH,19-May-20,-0.4,-0.1,-0.8,-0.7,-0.4,0.3
AE-SH,20-May-20,-0.4,-0.2,-0.8,-0.7,-0.4,0.3
AE-SH,21-May-20,-0.4,-0.2,-0.8,-0.7,-0.4,0.3
AE-SH,22-May-20,-0.5,-0.2,-0.9,-0.7,-0.3,0.2
AE-SH,23-May-20,-0.4,-0.1,-0.8,-0.7,-0.5,0.2
AE-SH,24-May-20,-0.5,-0.3,-0.8,-0.7,-0.8,0.4
AE-SH,25-May-20,-0.4,-0.2,-0.7,-0.7,-0.8,0.3
AE-SH,26-May-20,-0.4,-0.2,-0.8,-0.7,-0.6,0.3
AE-SH,27-May-20,-0.4,-0.2,-0.8,-0.7,-0.4,0.2
AE-SH,28-May-20,-0.4,-0.2,-0.8,-0.7,-0.3,0.2
AE-SH,29-May-20,-0.5,-0.3,-0.8,-0.7,-0.3,0.2
AE-SH,30-May-20,-0.3,-0.1,-0.8,-0.7,-0.2,0.2
AE-SH,31-May-20,-0.2,0.0,-0.7,-0.6,-0.3,0.2
AE-SH,01-Jun-20,-0.2,-0.1,-0.7,-0.6,-0.3,0.2
AE-SH,02-Jun-20,-0.3,-0.1,-0.7,-0.6,-0.3,0.2
AE-SH,03-Jun-20,-0.2,-0.1,-0.7,-0.6,-0.3,0.2
AE-SH,04-Jun-20,-0.3,-0.1,-0.8,-0.6,-0.3,0.2
AE-SH,05-Jun-20,-0.4,-0.2,-0.8,-0.7,-0.2,0.2
AE-SH,06-Jun-20,-0.3,-0.1,-0.8,-0.6,-0.2,0.1
AE-SH,07-Jun-20,-0.2,0.0,-0.7,-0.6,-0.3,0.2
AE-SH,08-Jun-20,-0.3,-0.1,-0.7,-0.6,-0.3,0.2
AE-SH,09-Jun-20,-0.3,-0.1,-0.7,-0.6,-0.3,0.2
AE-SH,10-Jun-20,-0.2,-0.1,-0.7,-0.6,-0.3,0.2
AE-SH,11-Jun-20,-0.3,-0.1,-0.8,-0.6,-0.3,0.2
AE-SH,12-Jun-20,-0.4,-0.2,-0.8,-0.7,-0.2,0.2
AE-SH,13-Jun-20,-0.3,-0.1,-0.8,-0.6,-0.1,0.1
AE-SH,14-Jun-20,-0.2,0.0,-0.7,-0.6,-0.2,0.2
AE-SH,15-Jun-20,-0.2,-0.1,-0.7,-0.6,-0.2,0.2
AE-SH,16-Jun-20,-0.2,-0.1,-0.7,-0.6,-0.2,0.2
AE-SH,17-Jun-20,-0.2,-0.1,-0.7,-0.6,-0.2,0.2
AE-SH,18-Jun-20,-0.3,-0.1,-0.8,-0.6,-0.2,0.2
AE-SH,19-Jun-20,-0.4,-0.2,-0.8,-0.7,-0.2,0.1
AE-SH,20-Jun-20,-0.3,-0.1,-0.8,-0.6,-0.1,0.1
AE-SH,21-Jun-20,-0.2,-0.1,-0.7,-0.6,-0.2,0.2
AE-SH,22-Jun-20,-0.2,-0.1,-0.7,-0.5,-0.2,0.2
AE-SH,23-Jun-20,-0.2,-0.1,-0.7,-0.5,-0.2,0.2
AE-SH,24-Jun-20,-0.2,-0.1,-0.7,-0.6,-0.2,0.2
AE-SH,25-Jun-20,-0.2,-0.1,-0.7,-0.5,-0.2,0.2
AE-SH,26-Jun-20,-0.3,-0.2,-0.7,-0.6,-0.1,0.1
AE-SH,27-Jun-20,-0.2,-0.1,-0.7,-0.5,-0.1,0.1
AE-SH,28-Jun-20,-0.1,0.0,-0.7,-0.5,-0.2,0.1
AE-SH,29-Jun-20,-0.2,0.0,-0.7,-0.6,-0.2,0.1
AE-SH,30-Jun-20,-0.2,0.0,-0.6,-0.7,-0.2,0.1
AE-SH,01-Jul-20,-0.1,0.0,-0.5,-0.7,-0.2,0.1
AE-SH,02-Jul-20,-0.2,0.0,-0.6,-0.7,-0.2,0.2
AE-SH,03-Jul-20,-0.2,-0.1,-0.6,-0.7,-0.1,0.1
AE-SH,04-Jul-20,-0.2,-0.1,-0.6,-0.7,-0.1,0.1
AE-SH,05-Jul-20,-0.1,0.0,-0.6,-0.7,-0.2,0.1
AE-SH,06-Jul-20,-0.1,0.0,-0.6,-0.7,-0.2,0.1
AE-SH,07-Jul-20,-0.1,0.0,-0.5,-0.6,-0.2,0.1
AE-SH,08-Jul-20,-0.2,0.0,-0.5,-0.7,-0.2,0.1
AE-SH,09-Jul-20,-0.2,0.0,-0.6,-0.7,-0.2,0.1
AE-SH,10-Jul-20,-0.2,-0.1,-0.6,-0.7,-0.1,0.1
AE-SH,11-Jul-20,-0.2,-0.1,-0.6,-0.7,-0.1,0.1
AE-SH,12-Jul-20,-0.1,0.0,-0.6,-0.7,-0.2,0.1
AE-SH,13-Jul-20,-0.1,0.0,-0.6,-0.7,-0.2,0.1
AE-SH,14-Jul-20,-0.1,0.0,-0.5,-0.6,-0.2,0.1
AE-SH,15-Jul-20,-0.1,0.0,-0.4,-0.7,-0.2,0.1
AE-SH,16-Jul-20,-0.1,0.0,-0.5,-0.7,-0.2,0.1
AE-SH,17-Jul-20,-0.2,-0.1,-0.6,-0.7,-0.1,0.1
AE-SH,18-Jul-20,-0.2,-0.1,-0.5,-0.7,-0.1,0.1
AE-SH,19-Jul-20,-0.1,0.0,-0.4,-0.7,-0.2,0.1
AE-SH,20-Jul-20,-0.1,-0.1,-0.4,-0.6,-0.2,0.1
AE-SH,21-Jul-20,-0.1,-0.1,-0.5,-0.7,-0.2,0.1
AE-UQ,15-Feb-20,0.0,0.1,0.0,0.0,0.0,0.0
AE-UQ,16-Feb-20,0.0,0.0,0.0,0.0,0.0,0.0
AE-UQ,17-Feb-20,0.0,0.0,0.0,0.0,0.0,0.0
AE-UQ,18-Feb-20,0.0,0.0,0.0,0.0,0.1,0.0
AE-UQ,19-Feb-20,0.0,0.0,0.0,0.0,0.0,0.0
AE-UQ,20-Feb-20,-0.1,0.0,0.0,0.0,0.0,0.0
AE-UQ,21-Feb-20,0.0,0.0,0.0,0.0,0.0,0.0
AE-UQ,22-Feb-20,0.0,0.1,0.0,0.0,0.1,0.0
AE-UQ,23-Feb-20,0.0,0.0,0.0,0.0,0.1,0.0
AE-UQ,24-Feb-20,-0.1,0.0,0.0,0.0,0.1,0.0
AE-UQ,25-Feb-20,0.0,0.0,0.0,0.0,0.1,0.0
AE-UQ,26-Feb-20,0.0,0.0,0.0,0.0,0.0,0.0
AE-UQ,27-Feb-20,0.0,0.0,0.0,0.0,0.0,0.0
AE-UQ,28-Feb-20,0.0,0.0,0.0,0.0,0.0,0.0
AE-UQ,29-Feb-20,0.0,0.1,0.0,0.0,0.0,0.0
AE-UQ,01-Mar-20,0.0,0.1,0.0,0.0,0.0,0.0
AE-UQ,02-Mar-20,0.0,0.1,0.0,0.0,0.0,0.0
AE-UQ,03-Mar-20,0.0,0.0,0.0,0.0,0.1,0.0
AE-UQ,04-Mar-20,0.0,0.1,0.0,0.0,0.0,0.0
AE-UQ,05-Mar-20,0.0,0.1,0.0,0.0,0.0,0.0
AE-UQ,06-Mar-20,0.0,0.1,0.0,0.0,0.0,0.0
AE-UQ,07-Mar-20,0.0,0.1,0.0,0.0,0.0,0.0
AE-UQ,08-Mar-20,0.0,0.1,0.0,0.0,0.0,0.0
AE-UQ,09-Mar-20,0.0,0.1,0.0,0.0,0.0,0.0
AE-UQ,10-Mar-20,0.0,0.1,0.0,0.0,0.0,0.0
AE-UQ,11-Mar-20,0.0,0.1,0.0,0.0,0.0,0.0
AE-UQ,12-Mar-20,-0.1,0.1,0.0,0.0,0.0,0.1
AE-UQ,13-Mar-20,0.0,0.1,0.0,0.0,0.0,0.0
AE-UQ,14-Mar-20,0.0,0.1,0.0,0.0,0.1,0.0
AE-UQ,15-Mar-20,0.0,0.1,0.0,0.0,0.0,0.1
AE-UQ,16-Mar-20,0.0,0.1,0.0,0.0,0.0,0.1
AE-UQ,17-Mar-20,-0.1,0.1,0.0,0.0,0.0,0.1
AE-UQ,18-Mar-20,-0.1,0.0,0.0,0.0,-0.1,0.1
AE-UQ,19-Mar-20,-0.2,0.0,0.0,0.0,-0.1,0.1
AE-UQ,20-Mar-20,-0.2,-0.1,0.0,0.0,-0.1,0.0
AE-UQ,21-Mar-20,-0.2,0.0,0.0,0.0,0.0,0.0
AE-UQ,22-Mar-20,-0.2,-0.1,0.0,0.0,-0.1,0.1
AE-UQ,23-Mar-20,-0.1,0.1,0.0,0.0,-0.1,0.1
AE-UQ,24-Mar-20,-0.2,-0.1,0.0,0.0,-0.2,0.1
AE-UQ,25-Mar-20,-0.3,-0.1,0.0,0.0,-0.2,0.2
AE-UQ,26-Mar-20,-0.4,-0.1,0.0,0.0,-0.2,0.2
AE-UQ,27-Mar-20,-0.7,-0.6,0.0,0.0,-0.4,0.0
AE-UQ,28-Mar-20,-0.6,-0.4,0.0,0.0,-0.5,0.0
AE-UQ,29-Mar-20,-0.4,-0.2,0.0,0.0,-0.3,0.0
AE-UQ,30-Mar-20,-0.4,-0.2,0.0,0.0,-0.3,0.0
AE-UQ,31-Mar-20,-0.4,-0.2,0.0,0.0,-0.3,0.0
AE-UQ,01-Apr-20,-0.4,-0.2,0.0,0.0,-0.3,0.0
AE-UQ,02-Apr-20,-0.4,-0.2,0.0,0.0,-0.3,0.0
AE-UQ,03-Apr-20,-0.5,-0.4,0.0,0.0,-0.3,0.0
AE-UQ,04-Apr-20,-0.4,-0.2,0.0,0.0,-0.2,0.0
AE-UQ,05-Apr-20,-0.3,-0.1,0.0,0.0,-0.3,0.0
AE-UQ,06-Apr-20,-0.4,-0.2,0.0,0.0,-0.3,0.0
AE-UQ,07-Apr-20,-0.4,-0.2,0.0,0.0,-0.3,0.0
AE-UQ,08-Apr-20,-0.4,-0.2,0.0,0.0,-0.3,0.0
AE-UQ,09-Apr-20,-0.4,-0.2,0.0,0.0,-0.3,0.0
AE-UQ,10-Apr-20,-0.5,-0.3,0.0,0.0,-0.3,0.0
AE-UQ,11-Apr-20,-0.4,-0.2,0.0,0.0,-0.2,0.0
AE-UQ,12-Apr-20,-0.4,-0.2,0.0,0.0,-0.3,0.0
AE-UQ,13-Apr-20,-0.4,-0.2,0.0,0.0,-0.3,0.0
AE-UQ,14-Apr-20,-0.4,-0.2,0.0,0.0,-0.3,0.0
AE-UQ,15-Apr-20,-0.4,-0.2,0.0,0.0,-0.3,0.0
AE-UQ,16-Apr-20,-0.4,-0.2,0.0,0.0,-0.4,0.0
AE-UQ,17-Apr-20,-0.6,-0.4,0.0,0.0,-0.2,0.0
AE-UQ,18-Apr-20,-0.4,-0.2,0.0,0.0,-0.2,0.0
AE-UQ,19-Apr-20,-0.4,-0.2,0.0,0.0,-0.3,0.0
AE-UQ,20-Apr-20,-0.4,-0.2,0.0,0.0,-0.3,0.0
AE-UQ,21-Apr-20,-0.4,-0.2,0.0,0.0,-0.3,0.0
AE-UQ,22-Apr-20,-0.4,-0.2,0.0,0.0,-0.3,0.0
AE-UQ,23-Apr-20,-0.4,-0.2,0.0,0.0,-0.3,0.0
AE-UQ,24-Apr-20,-0.6,-0.3,0.0,0.0,-0.3,0.0
AE-UQ,25-Apr-20,-0.5,-0.2,0.0,0.0,-0.2,0.0
AE-UQ,26-Apr-20,-0.4,-0.2,0.0,0.0,-0.3,0.0
AE-UQ,27-Apr-20,-0.4,-0.2,0.0,0.0,-0.3,0.0
AE-UQ,28-Apr-20,-0.4,-0.2,0.0,0.0,-0.3,0.0
AE-UQ,29-Apr-20,-0.4,-0.2,0.0,0.0,-0.3,0.0
AE-UQ,30-Apr-20,-0.4,-0.2,0.0,0.0,-0.3,0.0
AE-UQ,01-May-20,-0.5,-0.3,0.0,0.0,-0.3,0.0
AE-UQ,02-May-20,-0.4,-0.2,0.0,0.0,-0.2,0.0
AE-UQ,03-May-20,-0.4,-0.2,0.0,0.0,-0.3,0.0
AE-UQ,04-May-20,-0.4,-0.2,0.0,0.0,-0.3,0.0
AE-UQ,05-May-20,-0.4,-0.2,0.0,0.0,-0.3,0.0
AE-UQ,06-May-20,-0.3,-0.1,0.0,0.0,-0.3,0.0
AE-UQ,07-May-20,-0.4,-0.2,0.0,0.0,-0.3,0.0
AE-UQ,08-May-20,-0.5,-0.3,0.0,0.0,-0.2,0.0
AE-UQ,09-May-20,-0.4,-0.1,0.0,0.0,-0.2,0.0
AE-UQ,10-May-20,-0.4,-0.1,0.0,0.0,-0.3,0.0
AE-UQ,11-May-20,-0.4,-0.1,0.0,0.0,-0.3,0.0
AE-UQ,12-May-20,-0.4,-0.1,0.0,0.0,-0.3,0.0
AE-UQ,13-May-20,-0.4,-0.2,0.0,0.0,-0.3,0.0
AE-UQ,14-May-20,-0.4,-0.1,0.0,0.0,-0.3,0.0
AE-UQ,15-May-20,-0.5,-0.3,0.0,0.0,-0.2,0.0
AE-UQ,16-May-20,-0.4,-0.1,0.0,0.0,-0.2,0.0
AE-UQ,17-May-20,-0.3,-0.1,0.0,0.0,-0.3,0.0
AE-UQ,18-May-20,-0.3,-0.1,0.0,0.0,-0.3,0.0
AE-UQ,19-May-20,-0.3,-0.1,0.0,0.0,-0.3,0.0
AE-UQ,20-May-20,-0.4,-0.2,0.0,0.0,-0.3,0.0
AE-UQ,21-May-20,-0.4,-0.2,0.0,0.0,-0.3,0.0
AE-UQ,22-May-20,-0.5,-0.2,0.0,0.0,-0.2,0.0
AE-UQ,23-May-20,-0.4,-0.1,0.0,0.0,-0.3,0.0
AE-UQ,24-May-20,-0.4,-0.3,0.0,0.0,-0.7,0.0
AE-UQ,25-May-20,-0.4,-0.2,0.0,0.0,-0.6,0.0
AE-UQ,26-May-20,-0.3,-0.2,0.0,0.0,-0.5,0.0
AE-UQ,27-May-20,-0.3,-0.2,0.0,0.0,-0.2,0.2
AE-UQ,28-May-20,-0.3,-0.2,0.0,0.0,-0.2,0.0
AE-UQ,29-May-20,-0.4,-0.3,0.0,0.0,-0.1,0.0
AE-UQ,30-May-20,-0.2,-0.1,0.0,0.0,-0.1,0.0
AE-UQ,31-May-20,-0.2,0.0,0.0,0.0,-0.2,0.2
AE-UQ,01-Jun-20,-0.2,0.0,0.0,0.0,-0.2,0.2
AE-UQ,02-Jun-20,-0.2,0.0,0.0,0.0,-0.2,0.2
AE-UQ,03-Jun-20,-0.2,-0.1,0.0,0.0,-0.2,0.2
AE-UQ,04-Jun-20,-0.2,-0.1,0.0,0.0,-0.2,0.2
AE-UQ,05-Jun-20,-0.3,-0.2,0.0,0.0,-0.1,0.0
AE-UQ,06-Jun-20,-0.2,0.0,0.0,0.0,-0.1,0.0
AE-UQ,07-Jun-20,-0.2,0.0,0.0,0.0,-0.2,0.2
AE-UQ,08-Jun-20,-0.2,0.0,0.0,0.0,-0.2,0.2
AE-UQ,09-Jun-20,-0.2,-0.1,0.0,0.0,-0.2,0.2
AE-UQ,10-Jun-20,-0.2,-0.1,0.0,0.0,-0.2,0.2
AE-UQ,11-Jun-20,-0.3,-0.1,0.0,0.0,-0.1,0.2
AE-UQ,12-Jun-20,-0.3,-0.1,0.0,0.0,-0.1,0.0
AE-UQ,13-Jun-20,-0.2,0.0,0.0,0.0,0.0,0.0
AE-UQ,14-Jun-20,-0.2,0.0,0.0,0.0,-0.1,0.2
AE-UQ,15-Jun-20,-0.2,-0.1,0.0,0.0,-0.1,0.2
AE-UQ,16-Jun-20,-0.2,0.0,0.0,0.0,-0.1,0.2
AE-UQ,17-Jun-20,-0.2,-0.1,0.0,0.0,-0.2,0.2
AE-UQ,18-Jun-20,-0.3,-0.1,0.0,0.0,-0.1,0.2
AE-UQ,19-Jun-20,-0.3,-0.2,0.0,0.0,0.0,0.0
AE-UQ,20-Jun-20,-0.2,-0.1,0.0,0.0,0.0,0.0
AE-UQ,21-Jun-20,-0.2,0.0,0.0,0.0,-0.1,0.2
AE-UQ,22-Jun-20,-0.2,-0.1,0.0,0.0,-0.1,0.2
AE-UQ,23-Jun-20,-0.2,0.0,0.0,0.0,-0.1,0.2
AE-UQ,24-Jun-20,-0.2,-0.1,0.0,0.0,-0.1,0.2
AE-UQ,25-Jun-20,-0.2,0.0,0.0,0.0,-0.1,0.2
AE-UQ,26-Jun-20,-0.2,-0.1,0.0,0.0,0.0,0.0
AE-UQ,27-Jun-20,-0.1,0.0,0.0,0.0,0.0,0.0
AE-UQ,28-Jun-20,-0.1,0.0,0.0,0.0,-0.1,0.1
AE-UQ,29-Jun-20,-0.1,0.0,0.0,0.0,-0.1,0.2
AE-UQ,30-Jun-20,-0.1,0.0,0.0,0.0,-0.1,0.1
AE-UQ,01-Jul-20,-0.1,0.1,0.0,0.0,-0.1,0.1
AE-UQ,02-Jul-20,-0.1,0.0,0.0,0.0,-0.1,0.2
AE-UQ,03-Jul-20,-0.2,-0.1,0.0,0.0,0.0,0.0
AE-UQ,04-Jul-20,-0.1,0.0,0.0,0.0,0.0,0.0
AE-UQ,05-Jul-20,-0.1,0.1,0.0,0.0,-0.1,0.1
AE-UQ,06-Jul-20,-0.1,0.1,0.0,0.0,-0.1,0.1
AE-UQ,07-Jul-20,-0.1,0.1,0.0,0.0,-0.1,0.1
AE-UQ,08-Jul-20,-0.1,0.0,0.0,0.0,-0.1,0.1
AE-UQ,09-Jul-20,-0.1,0.0,0.0,0.0,-0.1,0.2
AE-UQ,10-Jul-20,-0.2,-0.1,0.0,0.0,-0.1,0.0
AE-UQ,11-Jul-20,-0.1,0.1,0.0,0.0,0.0,0.0
AE-UQ,12-Jul-20,-0.1,0.0,0.0,0.0,-0.1,0.1
AE-UQ,13-Jul-20,-0.1,0.0,0.0,0.0,-0.1,0.1
AE-UQ,14-Jul-20,-0.1,0.0,0.0,0.0,-0.1,0.1
AE-UQ,15-Jul-20,-0.1,-0.1,0.0,0.0,-0.1,0.1
AE-UQ,16-Jul-20,-0.1,0.0,0.0,0.0,-0.1,0.1
AE-UQ,17-Jul-20,-0.1,-0.1,0.0,0.0,0.0,0.0
AE-UQ,18-Jul-20,0.0,0.0,0.0,0.0,0.0,0.0
AE-UQ,19-Jul-20,-0.1,0.0,0.0,0.0,-0.1,0.1
AE-UQ,20-Jul-20,-0.1,0.0,0.0,0.0,-0.1,0.1
AE-UQ,21-Jul-20,-0.1,-0.1,0.0,0.0,-0.1,0.1
